activite;classeActivite;groupeActivite;divisionActivite;sectionActivite
Autres activités de télécommunication;Autres activités de télécommunication;Autres activités de télécommunication;Télécommunications;Information et communication
Commerce de gros (commerce interentreprises) de déchets et débris;Commerce de gros de déchets et débris;Autres commerces de gros spécialisés;Commerce de gros, à l'exception des automobiles et des motocycles;"Commerce; réparation d'automobiles et de motocycles"
Commerce de voitures et de véhicules automobiles légers;Commerce de voitures et de véhicules automobiles légers;Commerce de véhicules automobiles;Commerce et réparation d'automobiles et de motocycles;"Commerce; réparation d'automobiles et de motocycles"
"Apprêt et tannage des cuirs; préparation et teinture des fourrures";"Apprêt et tannage des cuirs; préparation et teinture des fourrures";"Apprêt et tannage des cuirs; préparation et teinture des fourrures; fabrication d'articles de voyage, de maroquinerie et de sellerie";Industrie du cuir et de la chaussure;Industrie manufacturière
Autres services d'information n.c.a.;Autres services d'information n.c.a.;Autres services d'information;Services d'information;Information et communication
Fabrication de charpentes et d'autres menuiseries;Fabrication de charpentes et d'autres menuiseries;Fabrication d'articles en bois, liège, vannerie et sparterie;"Travail du bois et fabrication d'articles en bois et en liège, à l'exception des meubles; fabrication d'articles en vannerie et sparterie";Industrie manufacturière
Hébergement touristique et autre hébergement de courte durée;Hébergement touristique et autre hébergement de courte durée;Hébergement touristique et autre hébergement de courte durée;Hébergement;Hébergement et restauration
Fabrication d'autres articles métalliques;Fabrication d'autres produits métalliques n.c.a.;Fabrication d'autres ouvrages en métaux;Fabrication de produits métalliques, à l'exception des machines et des équipements;Industrie manufacturière
Activités vétérinaires;Activités vétérinaires;Activités vétérinaires;Activités vétérinaires;Activités spécialisées, scientifiques et techniques
Création artistique relevant des arts plastiques;Création artistique;Activités créatives, artistiques et de spectacle;Activités créatives, artistiques et de spectacle;Arts, spectacles et activités récréatives
Commerce de gros (commerce interentreprises) d'appareils sanitaires et de produits de décoration;Commerce de gros de bois, de matériaux de construction et d'appareils sanitaires;Autres commerces de gros spécialisés;Commerce de gros, à l'exception des automobiles et des motocycles;"Commerce; réparation d'automobiles et de motocycles"
Commerce de gros (commerce interentreprises) de textiles;Commerce de gros de textiles;Commerce de gros de biens domestiques;Commerce de gros, à l'exception des automobiles et des motocycles;"Commerce; réparation d'automobiles et de motocycles"
Édition de livres;Édition de livres;Édition de livres et périodiques et autres activités d'édition;Édition;Information et communication
Téléphériques et remontées mécaniques;Autres transports terrestres de voyageurs n.c.a.;Autres transports terrestres de voyageurs;Transports terrestres et transport par conduites;Transports et entreposage
Culture d'agrumes;Culture d'agrumes;Cultures permanentes;Culture et production animale, chasse et services annexes;Agriculture, sylviculture et pêche
Réparation de meubles et d'équipements du foyer;Réparation de meubles et d'équipements du foyer;Réparation de biens personnels et domestiques;Réparation d'ordinateurs et de biens personnels et domestiques;Autres activités de services
Commerce de gros (commerce interentreprises) de produits pharmaceutiques;Commerce de gros de produits pharmaceutiques;Commerce de gros de biens domestiques;Commerce de gros, à l'exception des automobiles et des motocycles;"Commerce; réparation d'automobiles et de motocycles"
Autres activités liées au sport;Autres activités liées au sport;Activités liées au sport;Activités sportives, récréatives et de loisirs;Arts, spectacles et activités récréatives
Réparation d'articles d'horlogerie et de bijouterie;Réparation d'articles d'horlogerie et de bijouterie;Réparation de biens personnels et domestiques;Réparation d'ordinateurs et de biens personnels et domestiques;Autres activités de services
Fabrication de briques, tuiles et produits de construction, en terre cuite;Fabrication de briques, tuiles et produits de construction, en terre cuite;Fabrication de matériaux de construction en terre cuite;Fabrication d'autres produits minéraux non métalliques;Industrie manufacturière
Transports de voyageurs par taxis;Transports de voyageurs par taxis;Autres transports terrestres de voyageurs;Transports terrestres et transport par conduites;Transports et entreposage
Terrains de camping et parcs pour caravanes ou véhicules de loisirs;Terrains de camping et parcs pour caravanes ou véhicules de loisirs;Terrains de camping et parcs pour caravanes ou véhicules de loisirs;Hébergement;Hébergement et restauration
Fabrication d'autres machines d'usage général;Fabrication de machines diverses d'usage général;Fabrication d'autres machines d'usage général;Fabrication de machines et équipements n.c.a.;Industrie manufacturière
Enseignement secondaire technique ou professionnel;Enseignement secondaire technique ou professionnel;Enseignement secondaire;Enseignement;Enseignement
Fabrication de sièges d'ameublement d'intérieur;Fabrication d'autres meubles;Fabrication de meubles;Fabrication de meubles;Industrie manufacturière
Intermédiaires du commerce en machines, équipements industriels, navires et avions;Intermédiaires du commerce en machines, équipements industriels, navires et avions;Intermédiaires du commerce de gros;Commerce de gros, à l'exception des automobiles et des motocycles;"Commerce; réparation d'automobiles et de motocycles"
Fabrication d'équipements d'irradiation médicale, d'équipements électromédicaux et électrothérapeutiques;Fabrication d'équipements d'irradiation médicale, d'équipements électromédicaux et électrothérapeutiques;Fabrication d'équipements d'irradiation médicale, d'équipements électromédicaux et électrothérapeutiques;Fabrication de produits informatiques, électroniques et optiques;Industrie manufacturière
Activités de santé humaine non classées ailleurs;Autres activités pour la santé humaine;Autres activités pour la santé humaine;Activités pour la santé humaine;Santé humaine et action sociale
Activités de soutien aux cultures;Activités de soutien aux cultures;Activités de soutien à l'agriculture et traitement primaire des récoltes;Culture et production animale, chasse et services annexes;Agriculture, sylviculture et pêche
Fabrication d'autres textiles n.c.a.;Fabrication d'autres textiles n.c.a.;Fabrication d'autres textiles;Fabrication de textiles;Industrie manufacturière
Supports juridiques de programmes;Promotion immobilière;Promotion immobilière;Construction de bâtiments;Construction
Fabrication d'appareils sanitaires en céramique;Fabrication d'appareils sanitaires en céramique;Fabrication d'autres produits en céramique et en porcelaine;Fabrication d'autres produits minéraux non métalliques;Industrie manufacturière
Réparation et maintenance d'aéronefs et d'engins spatiaux;Réparation et maintenance d'aéronefs et d'engins spatiaux;Réparation d'ouvrages en métaux, de machines et d'équipements;Réparation et installation de machines et d'équipements;Industrie manufacturière
Fabrication de mortiers et bétons secs;Fabrication de mortiers et bétons secs;Fabrication d'ouvrages en béton, en ciment ou en plâtre;Fabrication d'autres produits minéraux non métalliques;Industrie manufacturière
Commerce de gros (commerce interentreprises) de quincaillerie;Commerce de gros de quincaillerie et fournitures pour plomberie et chauffage;Autres commerces de gros spécialisés;Commerce de gros, à l'exception des automobiles et des motocycles;"Commerce; réparation d'automobiles et de motocycles"
Activités indifférenciées des ménages en tant que producteurs de services pour usage propre;Activités indifférenciées des ménages en tant que producteurs de services pour usage propre;Activités indifférenciées des ménages en tant que producteurs de services pour usage propre;Activités indifférenciées des ménages en tant que producteurs de biens et services pour usage propre;"Activités des ménages en tant qu'employeurs; activités indifférenciées des ménages en tant que producteurs de biens et services pour usage propre"
Services auxiliaires des transports aériens;Services auxiliaires des transports aériens;Services auxiliaires des transports;Entreposage et services auxiliaires des transports;Transports et entreposage
Post-production de films cinématographiques, de vidéo et de programmes de télévision;Post-production de films cinématographiques, de vidéo et de programmes de télévision;Activités cinématographiques, vidéo et de télévision;"Production de films cinématographiques, de vidéo et de programmes de télévision; enregistrement sonore et édition musicale";Information et communication
Commerce de gros (commerce interentreprises) de produits à base de viande;Commerce de gros de viandes et de produits à base de viande;Commerce de gros de produits alimentaires, de boissons et de tabac;Commerce de gros, à l'exception des automobiles et des motocycles;"Commerce; réparation d'automobiles et de motocycles"
Commerce de gros (commerce interentreprises) de céréales, de tabac non manufacturé, de semences et d'aliments pour le bétail;Commerce de gros de céréales, de tabac non manufacturé, de semences et d'aliments pour le bétail;Commerce de gros de produits agricoles bruts et d'animaux vivants;Commerce de gros, à l'exception des automobiles et des motocycles;"Commerce; réparation d'automobiles et de motocycles"
Fabrication d'éléments en matières plastiques pour la construction;Fabrication d'éléments en matières plastiques pour la construction;Fabrication de produits en plastique;Fabrication de produits en caoutchouc et en plastique;Industrie manufacturière
Fabrication d'équipements hydrauliques et pneumatiques;Fabrication d'équipements hydrauliques et pneumatiques;Fabrication de machines d'usage général;Fabrication de machines et équipements n.c.a.;Industrie manufacturière
Assurance vie;Assurance vie;Assurance;Assurance;Activités financières et d'assurance
Autres activités des services financiers, hors assurance et caisses de retraite, n.c.a.;Autres activités des services financiers, hors assurance et caisses de retraite, n.c.a.;Autres activités des services financiers, hors assurance et caisses de retraite;Activités des services financiers, hors assurance et caisses de retraite;Activités financières et d'assurance
Commerce de détail de textiles en magasin spécialisé;Commerce de détail de textiles en magasin spécialisé;Commerce de détail d'autres équipements du foyer en magasin spécialisé;Commerce de détail, à l'exception des automobiles et des motocycles;"Commerce; réparation d'automobiles et de motocycles"
Fabrication d'autres matériels électriques;Fabrication d'autres matériels électriques;Fabrication d'autres matériels électriques;Fabrication d'équipements électriques;Industrie manufacturière
Métallurgie du cuivre;Métallurgie du cuivre;Production de métaux précieux et d'autres métaux non ferreux;Métallurgie;Industrie manufacturière
Commerce de gros (commerce interentreprises) de fournitures et équipements divers pour le commerce et les services;Commerce de gros d'autres machines et équipements;Commerce de gros d'autres équipements industriels;Commerce de gros, à l'exception des automobiles et des motocycles;"Commerce; réparation d'automobiles et de motocycles"
Démantèlement d'épaves;Démantèlement d'épaves;Récupération;"Collecte, traitement et élimination des déchets; récupération";"Production et distribution d'eau; assainissement, gestion des déchets et dépollution"
Fabrication de fûts et emballages métalliques similaires;Fabrication de fûts et emballages métalliques similaires;Fabrication d'autres ouvrages en métaux;Fabrication de produits métalliques, à l'exception des machines et des équipements;Industrie manufacturière
Fabrication de serrures et de ferrures;Fabrication de serrures et de ferrures;Fabrication de coutellerie, d'outillage et de quincaillerie;Fabrication de produits métalliques, à l'exception des machines et des équipements;Industrie manufacturière
Édition de revues et périodiques;Édition de revues et périodiques;Édition de livres et périodiques et autres activités d'édition;Édition;Information et communication
Activités de sécurité privée;Activités de sécurité privée;Activités de sécurité privée;Enquêtes et sécurité;Activités de services administratifs et de soutien
Édition de jeux électroniques;Édition de jeux électroniques;Édition de logiciels;Édition;Information et communication
Commerce de détail de carburants en magasin spécialisé;Commerce de détail de carburants en magasin spécialisé;Commerce de détail de carburants en magasin spécialisé;Commerce de détail, à l'exception des automobiles et des motocycles;"Commerce; réparation d'automobiles et de motocycles"
Distribution de combustibles gazeux par conduites;Distribution de combustibles gazeux par conduites;Production et distribution de combustibles gazeux;Production et distribution d'électricité, de gaz, de vapeur et d'air conditionné;Production et distribution d'électricité, de gaz, de vapeur et d'air conditionné
Location et location-bail de machines et équipements pour la construction;Location et location-bail de machines et équipements pour la construction;Location et location-bail d'autres machines, équipements et biens;Activités de location et location-bail;Activités de services administratifs et de soutien
Entreposage et stockage non frigorifique;Entreposage et stockage;Entreposage et stockage;Entreposage et services auxiliaires des transports;Transports et entreposage
Activités de clubs de sports;Activités de clubs de sports;Activités liées au sport;Activités sportives, récréatives et de loisirs;Arts, spectacles et activités récréatives
Commerce de détail de textiles, d'habillement et de chaussures sur éventaires et marchés;Commerce de détail de textiles, d'habillement et de chaussures sur éventaires et marchés;Commerce de détail sur éventaires et marchés;Commerce de détail, à l'exception des automobiles et des motocycles;"Commerce; réparation d'automobiles et de motocycles"
Fabrication de machines pour les industries du papier et du carton;Fabrication de machines pour les industries du papier et du carton;Fabrication d'autres machines d'usage spécifique;Fabrication de machines et équipements n.c.a.;Industrie manufacturière
Fonderie d'acier;Fonderie d'acier;Fonderie;Métallurgie;Industrie manufacturière
Fabrication de pièces techniques à base de matières plastiques;Fabrication d'autres articles en matières plastiques;Fabrication de produits en plastique;Fabrication de produits en caoutchouc et en plastique;Industrie manufacturière
Fabrication de machines pour la métallurgie;Fabrication de machines pour la métallurgie;Fabrication d'autres machines d'usage spécifique;Fabrication de machines et équipements n.c.a.;Industrie manufacturière
Réparation et maintenance d'autres équipements de transport;Réparation et maintenance d'autres équipements de transport;Réparation d'ouvrages en métaux, de machines et d'équipements;Réparation et installation de machines et d'équipements;Industrie manufacturière
Manutention portuaire;Manutention;Services auxiliaires des transports;Entreposage et services auxiliaires des transports;Transports et entreposage
Fabrication d'armes et de munitions;Fabrication d'armes et de munitions;Fabrication d'armes et de munitions;Fabrication de produits métalliques, à l'exception des machines et des équipements;Industrie manufacturière
Fabrication de malt;Fabrication de malt;Fabrication de boissons;Fabrication de boissons;Industrie manufacturière
Transformation et conservation de pommes de terre;Transformation et conservation de pommes de terre;Transformation et conservation de fruits et légumes;Industries alimentaires;Industrie manufacturière
Fabrication de sucre;Fabrication de sucre;Fabrication d'autres produits alimentaires;Industries alimentaires;Industrie manufacturière
Services auxiliaires des transports par eau;Services auxiliaires des transports par eau;Services auxiliaires des transports;Entreposage et services auxiliaires des transports;Transports et entreposage
Collecte et traitement des eaux usées;Collecte et traitement des eaux usées;Collecte et traitement des eaux usées;Collecte et traitement des eaux usées;"Production et distribution d'eau; assainissement, gestion des déchets et dépollution"
Location et location-bail d'autres machines, équipements et biens matériels n.c.a.;Location et location-bail d'autres machines, équipements et biens matériels n.c.a.;Location et location-bail d'autres machines, équipements et biens;Activités de location et location-bail;Activités de services administratifs et de soutien
Fabrication de carreaux en céramique;Fabrication de carreaux en céramique;Fabrication de matériaux de construction en terre cuite;Fabrication d'autres produits minéraux non métalliques;Industrie manufacturière
Transports routiers de fret de proximité;Transports routiers de fret;Transports routiers de fret et services de déménagement;Transports terrestres et transport par conduites;Transports et entreposage
Activités de soutien au spectacle vivant;Activités de soutien au spectacle vivant;Activités créatives, artistiques et de spectacle;Activités créatives, artistiques et de spectacle;Arts, spectacles et activités récréatives
Transport ferroviaire interurbain de voyageurs;Transport ferroviaire interurbain de voyageurs;Transport ferroviaire interurbain de voyageurs;Transports terrestres et transport par conduites;Transports et entreposage
Commerce de détail d'appareils électroménagers en magasin spécialisé;Commerce de détail d'appareils électroménagers en magasin spécialisé;Commerce de détail d'autres équipements du foyer en magasin spécialisé;Commerce de détail, à l'exception des automobiles et des motocycles;"Commerce; réparation d'automobiles et de motocycles"
Fabrication de machines pour le travail du caoutchouc ou des plastiques;Fabrication de machines pour le travail du caoutchouc ou des plastiques;Fabrication d'autres machines d'usage spécifique;Fabrication de machines et équipements n.c.a.;Industrie manufacturière
Commerce de gros (commerce interentreprises) d'ordinateurs, d'équipements informatiques périphériques et de logiciels;Commerce de gros d'ordinateurs, d'équipements informatiques périphériques et de logiciels;Commerce de gros d'équipements de l'information et de la communication;Commerce de gros, à l'exception des automobiles et des motocycles;"Commerce; réparation d'automobiles et de motocycles"
Supports juridiques de gestion de patrimoine immobilier;Administration de biens immobiliers;Activités immobilières pour compte de tiers;Activités immobilières;Activités immobilières
Hypermarchés;Commerce de détail en magasin non spécialisé à prédominance alimentaire;Commerce de détail en magasin non spécialisé;Commerce de détail, à l'exception des automobiles et des motocycles;"Commerce; réparation d'automobiles et de motocycles"
Fabrication de bicyclettes et de véhicules pour invalides;Fabrication de bicyclettes et de véhicules pour invalides;Fabrication de matériels de transport n.c.a.;Fabrication d'autres matériels de transport;Industrie manufacturière
Production de boissons rafraîchissantes;Industrie des eaux minérales et autres eaux embouteillées et des boissons rafraîchissantes;Fabrication de boissons;Fabrication de boissons;Industrie manufacturière
Centres de collecte et banques d'organes;Autres activités pour la santé humaine;Autres activités pour la santé humaine;Activités pour la santé humaine;Santé humaine et action sociale
Hébergement médicalisé pour adultes handicapés et autre hébergement médicalisé;Hébergement médicalisé;Hébergement médicalisé;Hébergement médico-social et social;Santé humaine et action sociale
Fabrication d'autres vêtements et accessoires;Fabrication d'autres vêtements et accessoires;Fabrication de vêtements, autres qu'en fourrure;Industrie de l'habillement;Industrie manufacturière
Fabrication de glaces et sorbets;Fabrication de glaces et sorbets;Fabrication de produits laitiers;Industries alimentaires;Industrie manufacturière
Activités combinées de soutien lié aux bâtiments;Activités combinées de soutien lié aux bâtiments;Activités combinées de soutien lié aux bâtiments;Services relatifs aux bâtiments et aménagement paysager;Activités de services administratifs et de soutien
Travaux de menuiserie métallique et serrurerie;Travaux de menuiserie;Travaux de finition;Travaux de construction spécialisés;Construction
Fonderie d'autres métaux non ferreux;Fonderie d'autres métaux non ferreux;Fonderie;Métallurgie;Industrie manufacturière
Activités spécialisées de design;Activités spécialisées de design;Activités spécialisées de design;Autres activités spécialisées, scientifiques et techniques;Activités spécialisées, scientifiques et techniques
Fabrication de matériel de levage et de manutention;Fabrication de matériel de levage et de manutention;Fabrication d'autres machines d'usage général;Fabrication de machines et équipements n.c.a.;Industrie manufacturière
Commerce de détail d'articles de sport en magasin spécialisé;Commerce de détail d'articles de sport en magasin spécialisé;Commerce de détail de biens culturels et de loisirs en magasin spécialisé;Commerce de détail, à l'exception des automobiles et des motocycles;"Commerce; réparation d'automobiles et de motocycles"
Extraction de houille;Extraction de houille;Extraction de houille;Extraction de houille et de lignite;Industries extractives
Autres cultures non permanentes;Autres cultures non permanentes;Cultures non permanentes;Culture et production animale, chasse et services annexes;Agriculture, sylviculture et pêche
Commerce de gros (commerce interentreprises) de vaisselle, verrerie et produits d'entretien;Commerce de gros de vaisselle, verrerie et produits d'entretien;Commerce de gros de biens domestiques;Commerce de gros, à l'exception des automobiles et des motocycles;"Commerce; réparation d'automobiles et de motocycles"
Commerce de gros (commerce interentreprises) alimentaire spécialisé divers;Commerce de gros d'autres produits alimentaires, y compris poissons, crustacés et mollusques;Commerce de gros de produits alimentaires, de boissons et de tabac;Commerce de gros, à l'exception des automobiles et des motocycles;"Commerce; réparation d'automobiles et de motocycles"
Fabrication d'autres fils et câbles électroniques ou électriques;Fabrication d'autres fils et câbles électroniques ou électriques;Fabrication de fils et câbles et de matériel d'installation électrique;Fabrication d'équipements électriques;Industrie manufacturière
Édition de journaux;Édition de journaux;Édition de livres et périodiques et autres activités d'édition;Édition;Information et communication
Commerce de détail de produits surgelés;Commerce de détail en magasin non spécialisé à prédominance alimentaire;Commerce de détail en magasin non spécialisé;Commerce de détail, à l'exception des automobiles et des motocycles;"Commerce; réparation d'automobiles et de motocycles"
Fabrication de produits azotés et d'engrais;Fabrication de produits azotés et d'engrais;Fabrication de produits chimiques de base, de produits azotés et d'engrais, de matières plastiques de base et de caoutchouc synthétique;Industrie chimique;Industrie manufacturière
Centrales d'achat non alimentaires;Intermédiaires du commerce en produits divers;Intermédiaires du commerce de gros;Commerce de gros, à l'exception des automobiles et des motocycles;"Commerce; réparation d'automobiles et de motocycles"
Fabrication de vêtements de dessus;Fabrication de vêtements de dessus;Fabrication de vêtements, autres qu'en fourrure;Industrie de l'habillement;Industrie manufacturière
Fabrication d'appareils d'éclairage électrique;Fabrication d'appareils d'éclairage électrique;Fabrication d'appareils d'éclairage électrique;Fabrication d'équipements électriques;Industrie manufacturière
Évaluation des risques et dommages;Évaluation des risques et dommages;Activités auxiliaires d'assurance et de caisses de retraite;Activités auxiliaires de services financiers et d'assurance;Activités financières et d'assurance
Fabrication de moules et modèles;Fabrication d'outillage;Fabrication de coutellerie, d'outillage et de quincaillerie;Fabrication de produits métalliques, à l'exception des machines et des équipements;Industrie manufacturière
Fabrication d'autres produits chimiques n.c.a.;Fabrication d'autres produits chimiques n.c.a.;Fabrication d'autres produits chimiques;Industrie chimique;Industrie manufacturière
Location et location-bail de matériels de transport aérien;Location et location-bail de matériels de transport aérien;Location et location-bail d'autres machines, équipements et biens;Activités de location et location-bail;Activités de services administratifs et de soutien
Administration publique (tutelle) de la santé, de la formation, de la culture et des services sociaux, autre que sécurité sociale;Administration publique (tutelle) de la santé, de la formation, de la culture et des services sociaux, autre que sécurité sociale;Administration générale, économique et sociale;"Administration publique et défense; sécurité sociale obligatoire";Administration publique
Autre distribution de crédit;Autre distribution de crédit;Autres activités des services financiers, hors assurance et caisses de retraite;Activités des services financiers, hors assurance et caisses de retraite;Activités financières et d'assurance
Sciage et rabotage du bois, hors imprégnation;Sciage et rabotage du bois;Sciage et rabotage du bois;"Travail du bois et fabrication d'articles en bois et en liège, à l'exception des meubles; fabrication d'articles en vannerie et sparterie";Industrie manufacturière
Tissage;Tissage;Tissage;Fabrication de textiles;Industrie manufacturière
Enseignement primaire;Enseignement primaire;Enseignement primaire;Enseignement;Enseignement
Portails Internet;Portails Internet;"Traitement de données, hébergement et activités connexes; portails Internet";Services d'information;Information et communication
Analyses, essais et inspections techniques;Activités de contrôle et analyses techniques;Activités de contrôle et analyses techniques;"Activités d'architecture et d'ingénierie; activités de contrôle et analyses techniques";Activités spécialisées, scientifiques et techniques
Fabrication d'articles de joaillerie et bijouterie;Fabrication d'articles de joaillerie et bijouterie;Fabrication d'articles de joaillerie, bijouterie et articles similaires;Autres industries manufacturières;Industrie manufacturière
Enregistrement sonore et édition musicale;Enregistrement sonore et édition musicale;Enregistrement sonore et édition musicale;"Production de films cinématographiques, de vidéo et de programmes de télévision; enregistrement sonore et édition musicale";Information et communication
Hébergement social pour toxicomanes;Hébergement social pour personnes handicapées mentales, malades mentales et toxicomanes;Hébergement social pour personnes handicapées mentales, malades mentales et toxicomanes;Hébergement médico-social et social;Santé humaine et action sociale
Enseignement de la conduite;Enseignement de la conduite;Autres activités d'enseignement;Enseignement;Enseignement
Métallurgie du plomb, du zinc ou de l'étain;Métallurgie du plomb, du zinc ou de l'étain;Production de métaux précieux et d'autres métaux non ferreux;Métallurgie;Industrie manufacturière
Aide à domicile;Action sociale sans hébergement pour personnes âgées et pour personnes handicapées;Action sociale sans hébergement pour personnes âgées et pour personnes handicapées;Action sociale sans hébergement;Santé humaine et action sociale
Fabrication d'équipements d'emballage, de conditionnement et de pesage;Fabrication de machines diverses d'usage général;Fabrication d'autres machines d'usage général;Fabrication de machines et équipements n.c.a.;Industrie manufacturière
Fabrication de portes et fenêtres en métal;Fabrication de portes et fenêtres en métal;Fabrication d'éléments en métal pour la construction;Fabrication de produits métalliques, à l'exception des machines et des équipements;Industrie manufacturière
Fabrication de parquets assemblés;Fabrication de parquets assemblés;Fabrication d'articles en bois, liège, vannerie et sparterie;"Travail du bois et fabrication d'articles en bois et en liège, à l'exception des meubles; fabrication d'articles en vannerie et sparterie";Industrie manufacturière
Fabrication de gaz industriels;Fabrication de gaz industriels;Fabrication de produits chimiques de base, de produits azotés et d'engrais, de matières plastiques de base et de caoutchouc synthétique;Industrie chimique;Industrie manufacturière
Activités des organisations et organismes extraterritoriaux;Activités des organisations et organismes extraterritoriaux;Activités des organisations et organismes extraterritoriaux;Activités des organisations et organismes extraterritoriaux;Activités extra-territoriales
Fabrication industrielle de pain et de pâtisserie fraîche;Fabrication de pain et de pâtisserie fraîche;Fabrication de produits de boulangerie-pâtisserie et de pâtes alimentaires;Industries alimentaires;Industrie manufacturière
Enseignement post-secondaire non supérieur;Enseignement post-secondaire non supérieur;Enseignement supérieur et post-secondaire non supérieur;Enseignement;Enseignement
Fabrication de produits réfractaires;Fabrication de produits réfractaires;Fabrication de produits réfractaires;Fabrication d'autres produits minéraux non métalliques;Industrie manufacturière
Activités des syndicats de salariés;Activités des syndicats de salariés;Activités des syndicats de salariés;Activités des organisations associatives;Autres activités de services
Fabrication d'équipements électriques et électroniques automobiles;Fabrication d'équipements électriques et électroniques automobiles;Fabrication d'équipements automobiles;Industrie automobile;Industrie manufacturière
Extraction de tourbe;Extraction de tourbe;Activités extractives n.c.a.;Autres industries extractives;Industries extractives
Commerce et réparation de motocycles;Commerce et réparation de motocycles;Commerce et réparation de motocycles;Commerce et réparation d'automobiles et de motocycles;"Commerce; réparation d'automobiles et de motocycles"
Fabrication d'emballages en bois;Fabrication d'emballages en bois;Fabrication d'articles en bois, liège, vannerie et sparterie;"Travail du bois et fabrication d'articles en bois et en liège, à l'exception des meubles; fabrication d'articles en vannerie et sparterie";Industrie manufacturière
Autres activités manufacturières n.c.a.;Autres activités manufacturières n.c.a.;Activités manufacturières n.c.a.;Autres industries manufacturières;Industrie manufacturière
Travaux de terrassement spécialisés ou de grande masse;Travaux de préparation des sites;Démolition et préparation des sites;Travaux de construction spécialisés;Construction
Exploitation forestière;Exploitation forestière;Exploitation forestière;Sylviculture et exploitation forestière;Agriculture, sylviculture et pêche
Accueil ou accompagnement sans hébergement d'adultes handicapés ou de personnes âgées;Action sociale sans hébergement pour personnes âgées et pour personnes handicapées;Action sociale sans hébergement pour personnes âgées et pour personnes handicapées;Action sociale sans hébergement;Santé humaine et action sociale
Commerce de détail de biens d'occasion en magasin;Commerce de détail de biens d'occasion en magasin;Autres commerces de détail en magasin spécialisé;Commerce de détail, à l'exception des automobiles et des motocycles;"Commerce; réparation d'automobiles et de motocycles"
Autres services de réservation et activités connexes;Autres services de réservation et activités connexes;Autres services de réservation et activités connexes;Activités des agences de voyage, voyagistes, services de réservation et activités connexes;Activités de services administratifs et de soutien
Fabrication d'instrumentation scientifique et technique;Fabrication d'instruments et d'appareils de mesure, d'essai et de navigation;"Fabrication d'instruments et d'appareils de mesure, d'essai et de navigation; horlogerie";Fabrication de produits informatiques, électroniques et optiques;Industrie manufacturière
Sidérurgie;Sidérurgie;Sidérurgie;Métallurgie;Industrie manufacturière
Réparation d'équipements électriques;Réparation d'équipements électriques;Réparation d'ouvrages en métaux, de machines et d'équipements;Réparation et installation de machines et d'équipements;Industrie manufacturière
Travaux d'isolation;Autres travaux d'installation;Travaux d'installation électrique, plomberie et autres travaux d'installation;Travaux de construction spécialisés;Construction
Centrales d'achat alimentaires;Intermédiaires du commerce en denrées, boissons et tabac;Intermédiaires du commerce de gros;Commerce de gros, à l'exception des automobiles et des motocycles;"Commerce; réparation d'automobiles et de motocycles"
Extraction de lignite;Extraction de lignite;Extraction de lignite;Extraction de houille et de lignite;Industries extractives
Transport d'électricité;Transport d'électricité;Production, transport et distribution d'électricité;Production et distribution d'électricité, de gaz, de vapeur et d'air conditionné;Production et distribution d'électricité, de gaz, de vapeur et d'air conditionné
Fabrication de pesticides et d'autres produits agrochimiques;Fabrication de pesticides et d'autres produits agrochimiques;Fabrication de pesticides et d'autres produits agrochimiques;Industrie chimique;Industrie manufacturière
Vente par automates et autres commerces de détail hors magasin, éventaires ou marchés n.c.a.;Autres commerces de détail hors magasin, éventaires ou marchés;Commerce de détail hors magasin, éventaires ou marchés;Commerce de détail, à l'exception des automobiles et des motocycles;"Commerce; réparation d'automobiles et de motocycles"
Frappe de monnaie;Frappe de monnaie;Fabrication d'articles de joaillerie, bijouterie et articles similaires;Autres industries manufacturières;Industrie manufacturière
Fabrication d'articles chaussants à mailles;Fabrication d'articles chaussants à mailles;Fabrication d'articles à mailles;Industrie de l'habillement;Industrie manufacturière
Installation de structures métalliques, chaudronnées et de tuyauterie;Installation de machines et d'équipements industriels;Installation de machines et d'équipements industriels;Réparation et installation de machines et d'équipements;Industrie manufacturière
Préparation de jus de fruits et légumes;Préparation de jus de fruits et légumes;Transformation et conservation de fruits et légumes;Industries alimentaires;Industrie manufacturière
Activités de banque centrale;Activités de banque centrale;Intermédiation monétaire;Activités des services financiers, hors assurance et caisses de retraite;Activités financières et d'assurance
Fabrication d'ouvrages en fibre-ciment;Fabrication d'ouvrages en fibre-ciment;Fabrication d'ouvrages en béton, en ciment ou en plâtre;Fabrication d'autres produits minéraux non métalliques;Industrie manufacturière
Conseil en relations publiques et communication;Conseil en relations publiques et communication;Conseil de gestion;"Activités des sièges sociaux; conseil de gestion";Activités spécialisées, scientifiques et techniques
Aide par le travail;Action sociale sans hébergement pour personnes âgées et pour personnes handicapées;Action sociale sans hébergement pour personnes âgées et pour personnes handicapées;Action sociale sans hébergement;Santé humaine et action sociale
Gestion des sites et monuments historiques et des attractions touristiques similaires;Gestion des sites et monuments historiques et des attractions touristiques similaires;Bibliothèques, archives, musées et autres activités culturelles;Bibliothèques, archives, musées et autres activités culturelles;Arts, spectacles et activités récréatives
Fabrication de parfums et de produits pour la toilette;Fabrication de parfums et de produits pour la toilette;Fabrication de savons, de produits d'entretien et de parfums;Industrie chimique;Industrie manufacturière
Commerce de détail d'articles médicaux et orthopédiques en magasin spécialisé;Commerce de détail d'articles médicaux et orthopédiques en magasin spécialisé;Autres commerces de détail en magasin spécialisé;Commerce de détail, à l'exception des automobiles et des motocycles;"Commerce; réparation d'automobiles et de motocycles"
Collecte des déchets non dangereux;Collecte des déchets non dangereux;Collecte des déchets;"Collecte, traitement et élimination des déchets; récupération";"Production et distribution d'eau; assainissement, gestion des déchets et dépollution"
Extraction de minerais de fer;Extraction de minerais de fer;Extraction de minerais de fer;Extraction de minerais métalliques;Industries extractives
Transports aériens de passagers;Transports aériens de passagers;Transports aériens de passagers;Transports aériens;Transports et entreposage
Recherche-développement en biotechnologie;Recherche-développement en biotechnologie;Recherche-développement en sciences physiques et naturelles;Recherche-développement scientifique;Activités spécialisées, scientifiques et techniques
Production de films institutionnels et publicitaires;Production de films cinématographiques, de vidéo et de programmes de télévision;Activités cinématographiques, vidéo et de télévision;"Production de films cinématographiques, de vidéo et de programmes de télévision; enregistrement sonore et édition musicale";Information et communication
Forages et sondages;Forages et sondages;Démolition et préparation des sites;Travaux de construction spécialisés;Construction
Activités de radiodiagnostic et de radiothérapie;Activité des médecins spécialistes;Activité des médecins et des dentistes;Activités pour la santé humaine;Santé humaine et action sociale
Arts du spectacle vivant;Arts du spectacle vivant;Activités créatives, artistiques et de spectacle;Activités créatives, artistiques et de spectacle;Arts, spectacles et activités récréatives
Commerce d'électricité;Commerce d'électricité;Production, transport et distribution d'électricité;Production et distribution d'électricité, de gaz, de vapeur et d'air conditionné;Production et distribution d'électricité, de gaz, de vapeur et d'air conditionné
Hébergement médicalisé pour enfants handicapés;Hébergement médicalisé;Hébergement médicalisé;Hébergement médico-social et social;Santé humaine et action sociale
Fabrication d'emballages en matières plastiques;Fabrication d'emballages en matières plastiques;Fabrication de produits en plastique;Fabrication de produits en caoutchouc et en plastique;Industrie manufacturière
Fabrication de papier et de carton;Fabrication de papier et de carton;Fabrication de pâte à papier, de papier et de carton;Industrie du papier et du carton;Industrie manufacturière
Location et location-bail d'articles de loisirs et de sport;Location et location-bail d'articles de loisirs et de sport;Location et location-bail de biens personnels et domestiques;Activités de location et location-bail;Activités de services administratifs et de soutien
Conseil pour les affaires et autres conseils de gestion;Conseil pour les affaires et autres conseils de gestion;Conseil de gestion;"Activités des sièges sociaux; conseil de gestion";Activités spécialisées, scientifiques et techniques
Autres activités de nettoyage n.c.a.;Autres activités de nettoyage;Activités de nettoyage;Services relatifs aux bâtiments et aménagement paysager;Activités de services administratifs et de soutien
Télécommunications filaires;Télécommunications filaires;Télécommunications filaires;Télécommunications;Information et communication
Autres organisations fonctionnant par adhésion volontaire;Activités des organisations associatives n.c.a.;Activités des autres organisations associatives;Activités des organisations associatives;Autres activités de services
Taille, façonnage et finissage de pierres;Taille, façonnage et finissage de pierres;Taille, façonnage et finissage de pierres;Fabrication d'autres produits minéraux non métalliques;Industrie manufacturière
Commerce de gros (commerce interentreprises) de meubles, de tapis et d'appareils d'éclairage;Commerce de gros de meubles, de tapis et d'appareils d'éclairage;Commerce de gros de biens domestiques;Commerce de gros, à l'exception des automobiles et des motocycles;"Commerce; réparation d'automobiles et de motocycles"
Fabrication de meubles de cuisine;Fabrication de meubles de cuisine;Fabrication de meubles;Fabrication de meubles;Industrie manufacturière
Fabrication d'autres machines-outils;Fabrication d'autres machines-outils;Fabrication de machines de formage des métaux et de machines-outils;Fabrication de machines et équipements n.c.a.;Industrie manufacturière
Désinfection, désinsectisation, dératisation;Autres activités de nettoyage;Activités de nettoyage;Services relatifs aux bâtiments et aménagement paysager;Activités de services administratifs et de soutien
Construction de réseaux pour fluides;Construction de réseaux pour fluides;Construction de réseaux et de lignes;Génie civil;Construction
Extraction de pierres ornementales et de construction, de calcaire industriel, de gypse, de craie et d'ardoise;Extraction de pierres ornementales et de construction, de calcaire industriel, de gypse, de craie et d'ardoise;Extraction de pierres, de sables et d'argiles;Autres industries extractives;Industries extractives
Fabrication de machines pour les industries textiles;Fabrication de machines pour les industries textiles;Fabrication d'autres machines d'usage spécifique;Fabrication de machines et équipements n.c.a.;Industrie manufacturière
Commerce de détail de pain, pâtisserie et confiserie en magasin spécialisé;Commerce de détail de pain, pâtisserie et confiserie en magasin spécialisé;Commerce de détail alimentaire en magasin spécialisé;Commerce de détail, à l'exception des automobiles et des motocycles;"Commerce; réparation d'automobiles et de motocycles"
Intermédiaires du commerce en matières premières agricoles, animaux vivants, matières premières textiles et produits semi-finis;Intermédiaires du commerce en matières premières agricoles, animaux vivants, matières premières textiles et produits semi-finis;Intermédiaires du commerce de gros;Commerce de gros, à l'exception des automobiles et des motocycles;"Commerce; réparation d'automobiles et de motocycles"
Commerce de gros (commerce interentreprises) de volailles et gibier;Commerce de gros de viandes et de produits à base de viande;Commerce de gros de produits alimentaires, de boissons et de tabac;Commerce de gros, à l'exception des automobiles et des motocycles;"Commerce; réparation d'automobiles et de motocycles"
Commerce de gros (commerce interentreprises) de viandes de boucherie;Commerce de gros de viandes et de produits à base de viande;Commerce de gros de produits alimentaires, de boissons et de tabac;Commerce de gros, à l'exception des automobiles et des motocycles;"Commerce; réparation d'automobiles et de motocycles"
Fabrication de biscuits, biscottes et pâtisseries de conservation;Fabrication de biscuits, biscottes et pâtisseries de conservation;Fabrication de produits de boulangerie-pâtisserie et de pâtes alimentaires;Industries alimentaires;Industrie manufacturière
Intermédiaires spécialisés dans le commerce d'autres produits spécifiques;Intermédiaires spécialisés dans le commerce d'autres produits spécifiques;Intermédiaires du commerce de gros;Commerce de gros, à l'exception des automobiles et des motocycles;"Commerce; réparation d'automobiles et de motocycles"
Étirage à froid de barres;Étirage à froid de barres;Fabrication d'autres produits de première transformation de l'acier;Métallurgie;Industrie manufacturière
Fabrication de fours et brûleurs;Fabrication de fours et brûleurs;Fabrication d'autres machines d'usage général;Fabrication de machines et équipements n.c.a.;Industrie manufacturière
Services du feu et de secours;Services du feu et de secours;Services de prérogative publique;"Administration publique et défense; sécurité sociale obligatoire";Administration publique
Restauration de type rapide;Restaurants et services de restauration mobile;Restaurants et services de restauration mobile;Restauration;Hébergement et restauration
Fabrication d'éléments en béton pour la construction;Fabrication d'éléments en béton pour la construction;Fabrication d'ouvrages en béton, en ciment ou en plâtre;Fabrication d'autres produits minéraux non métalliques;Industrie manufacturière
Pêche en mer;Pêche en mer;Pêche;Pêche et aquaculture;Agriculture, sylviculture et pêche
Récupération de déchets triés;Récupération de déchets triés;Récupération;"Collecte, traitement et élimination des déchets; récupération";"Production et distribution d'eau; assainissement, gestion des déchets et dépollution"
Hébergement social pour handicapés physiques;Hébergement social pour personnes âgées ou handicapées physiques;Hébergement social pour personnes âgées ou handicapées physiques;Hébergement médico-social et social;Santé humaine et action sociale
Activité des économistes de la construction;Autres activités spécialisées, scientifiques et techniques n.c.a.;Autres activités spécialisées, scientifiques et techniques n.c.a.;Autres activités spécialisées, scientifiques et techniques;Activités spécialisées, scientifiques et techniques
Organisation de jeux de hasard et d'argent;Organisation de jeux de hasard et d'argent;Organisation de jeux de hasard et d'argent;Organisation de jeux de hasard et d'argent;Arts, spectacles et activités récréatives
Fabrication de produits électroniques grand public;Fabrication de produits électroniques grand public;Fabrication de produits électroniques grand public;Fabrication de produits informatiques, électroniques et optiques;Industrie manufacturière
Gestion des bibliothèques et des archives;Gestion des bibliothèques et des archives;Bibliothèques, archives, musées et autres activités culturelles;Bibliothèques, archives, musées et autres activités culturelles;Arts, spectacles et activités récréatives
Fabrication d'autres articles en papier ou en carton;Fabrication d'autres articles en papier ou en carton;Fabrication d'articles en papier ou en carton;Industrie du papier et du carton;Industrie manufacturière
Commerce de gros (commerce interentreprises) alimentaire non spécialisé;Commerce de gros non spécialisé de denrées, boissons et tabac;Commerce de gros de produits alimentaires, de boissons et de tabac;Commerce de gros, à l'exception des automobiles et des motocycles;"Commerce; réparation d'automobiles et de motocycles"
Fabrication de chaussures;Fabrication de chaussures;Fabrication de chaussures;Industrie du cuir et de la chaussure;Industrie manufacturière
Fabrication d'huiles et graisses raffinées;Fabrication d'huiles et graisses;Fabrication d'huiles et graisses végétales et animales;Industries alimentaires;Industrie manufacturière
Travaux de plâtrerie;Travaux de plâtrerie;Travaux de finition;Travaux de construction spécialisés;Construction
Fabrication d'articles de sport;Fabrication d'articles de sport;Fabrication d'articles de sport;Autres industries manufacturières;Industrie manufacturière
Fabrication de machines et d'équipements de bureau (à l'exception des ordinateurs et équipements périphériques);Fabrication de machines et d'équipements de bureau (à l'exception des ordinateurs et équipements périphériques);Fabrication d'autres machines d'usage général;Fabrication de machines et équipements n.c.a.;Industrie manufacturière
Télécommunications par satellite;Télécommunications par satellite;Télécommunications par satellite;Télécommunications;Information et communication
Installation d'équipements électriques, de matériels électroniques et optiques ou d'autres matériels;Installation de machines et d'équipements industriels;Installation de machines et d'équipements industriels;Réparation et installation de machines et d'équipements;Industrie manufacturière
Gestion de salles de spectacles;Gestion de salles de spectacles;Activités créatives, artistiques et de spectacle;Activités créatives, artistiques et de spectacle;Arts, spectacles et activités récréatives
Autres activités de soutien aux entreprises n.c.a.;Autres activités de soutien aux entreprises n.c.a.;Activités de soutien aux entreprises n.c.a.;Activités administratives et autres activités de soutien aux entreprises;Activités de services administratifs et de soutien
Édition et distribution vidéo;Distribution de films cinématographiques, de vidéo et de programmes de télévision;Activités cinématographiques, vidéo et de télévision;"Production de films cinématographiques, de vidéo et de programmes de télévision; enregistrement sonore et édition musicale";Information et communication
Commerce de détail d'équipements automobiles;Commerce de détail d'équipements automobiles;Commerce d'équipements automobiles;Commerce et réparation d'automobiles et de motocycles;"Commerce; réparation d'automobiles et de motocycles"
Fabrication d'articles en papier à usage sanitaire ou domestique;Fabrication d'articles en papier à usage sanitaire ou domestique;Fabrication d'articles en papier ou en carton;Industrie du papier et du carton;Industrie manufacturière
Formation continue d'adultes;Enseignements divers;Autres activités d'enseignement;Enseignement;Enseignement
Fabrication d'aliments pour animaux de compagnie;Fabrication d'aliments pour animaux de compagnie;Fabrication d'aliments pour animaux;Industries alimentaires;Industrie manufacturière
Pratique dentaire;Pratique dentaire;Activité des médecins et des dentistes;Activités pour la santé humaine;Santé humaine et action sociale
Culture de fruits tropicaux et subtropicaux;Culture de fruits tropicaux et subtropicaux;Cultures permanentes;Culture et production animale, chasse et services annexes;Agriculture, sylviculture et pêche
Commerce de détail de maroquinerie et d'articles de voyage;Commerce de détail de chaussures et d'articles en cuir en magasin spécialisé;Autres commerces de détail en magasin spécialisé;Commerce de détail, à l'exception des automobiles et des motocycles;"Commerce; réparation d'automobiles et de motocycles"
Autre transformation et conservation de légumes;Autre transformation et conservation de fruits et légumes;Transformation et conservation de fruits et légumes;Industries alimentaires;Industrie manufacturière
Projection de films cinématographiques;Projection de films cinématographiques;Activités cinématographiques, vidéo et de télévision;"Production de films cinématographiques, de vidéo et de programmes de télévision; enregistrement sonore et édition musicale";Information et communication
Transports ferroviaires de fret;Transports ferroviaires de fret;Transports ferroviaires de fret;Transports terrestres et transport par conduites;Transports et entreposage
Autres activités des médecins spécialistes;Activité des médecins spécialistes;Activité des médecins et des dentistes;Activités pour la santé humaine;Santé humaine et action sociale
Location de terrains et d'autres biens immobiliers;Location et exploitation de biens immobiliers propres ou loués;Location et exploitation de biens immobiliers propres ou loués;Activités immobilières;Activités immobilières
Fabrication de composants électroniques;Fabrication de composants électroniques;Fabrication de composants et cartes électroniques;Fabrication de produits informatiques, électroniques et optiques;Industrie manufacturière
Fabrication d'étoffes à mailles;Fabrication d'étoffes à mailles;Fabrication d'autres textiles;Fabrication de textiles;Industrie manufacturière
Entretien corporel;Entretien corporel;Autres services personnels;Autres services personnels;Autres activités de services
Charcuterie;Préparation de produits à base de viande;Transformation et conservation de la viande et préparation de produits à base de viande;Industries alimentaires;Industrie manufacturière
Enseignement supérieur;Enseignement supérieur;Enseignement supérieur et post-secondaire non supérieur;Enseignement;Enseignement
Fabrication de pâtes alimentaires;Fabrication de pâtes alimentaires;Fabrication de produits de boulangerie-pâtisserie et de pâtes alimentaires;Industries alimentaires;Industrie manufacturière
Réparation de chaussures et d'articles en cuir;Réparation de chaussures et d'articles en cuir;Réparation de biens personnels et domestiques;Réparation d'ordinateurs et de biens personnels et domestiques;Autres activités de services
Extraction d'autres minerais de métaux non ferreux;Extraction d'autres minerais de métaux non ferreux;Extraction de minerais de métaux non ferreux;Extraction de minerais métalliques;Industries extractives
Fabrication de carton ondulé;Fabrication de papier et carton ondulés et d'emballages en papier ou en carton;Fabrication d'articles en papier ou en carton;Industrie du papier et du carton;Industrie manufacturière
Transports urbains et suburbains de voyageurs;Transports urbains et suburbains de voyageurs;Autres transports terrestres de voyageurs;Transports terrestres et transport par conduites;Transports et entreposage
Fabrication d'appareils électroménagers;Fabrication d'appareils électroménagers;Fabrication d'appareils ménagers;Fabrication d'équipements électriques;Industrie manufacturière
Autres travaux spécialisés de construction;Autres travaux de construction spécialisés n.c.a.;Autres travaux de construction spécialisés;Travaux de construction spécialisés;Construction
Travaux de maçonnerie générale et gros œuvre de bâtiment;Autres travaux de construction spécialisés n.c.a.;Autres travaux de construction spécialisés;Travaux de construction spécialisés;Construction
Captage, traitement et distribution d'eau;Captage, traitement et distribution d'eau;Captage, traitement et distribution d'eau;Captage, traitement et distribution d'eau;"Production et distribution d'eau; assainissement, gestion des déchets et dépollution"
Métallurgie des autres métaux non ferreux;Métallurgie des autres métaux non ferreux;Production de métaux précieux et d'autres métaux non ferreux;Métallurgie;Industrie manufacturière
Culture de céréales (à l'exception du riz), de légumineuses et de graines oléagineuses;Culture de céréales (à l'exception du riz), de légumineuses et de graines oléagineuses;Cultures non permanentes;Culture et production animale, chasse et services annexes;Agriculture, sylviculture et pêche
Transports aériens de fret;Transports aériens de fret;Transports aériens de fret et transports spatiaux;Transports aériens;Transports et entreposage
Fabrication d'articles céramiques à usage domestique ou ornemental;Fabrication d'articles céramiques à usage domestique ou ornemental;Fabrication d'autres produits en céramique et en porcelaine;Fabrication d'autres produits minéraux non métalliques;Industrie manufacturière
Élevage d'autres bovins et de buffles;Élevage d'autres bovins et de buffles;Production animale;Culture et production animale, chasse et services annexes;Agriculture, sylviculture et pêche
Commerce de détail d'enregistrements musicaux et vidéo en magasin spécialisé;Commerce de détail d'enregistrements musicaux et vidéo en magasin spécialisé;Commerce de détail de biens culturels et de loisirs en magasin spécialisé;Commerce de détail, à l'exception des automobiles et des motocycles;"Commerce; réparation d'automobiles et de motocycles"
Autres intermédiaires du commerce en combustibles, métaux, minéraux et produits chimiques;Intermédiaires du commerce en combustibles, métaux, minéraux et produits chimiques;Intermédiaires du commerce de gros;Commerce de gros, à l'exception des automobiles et des motocycles;"Commerce; réparation d'automobiles et de motocycles"
Fabrication de produits de consommation courante en matières plastiques;Fabrication d'autres articles en matières plastiques;Fabrication de produits en plastique;Fabrication de produits en caoutchouc et en plastique;Industrie manufacturière
Agencement de lieux de vente;Travaux de menuiserie;Travaux de finition;Travaux de construction spécialisés;Construction
Fabrication d'autres équipements de transport n.c.a.;Fabrication d'autres équipements de transport n.c.a.;Fabrication de matériels de transport n.c.a.;Fabrication d'autres matériels de transport;Industrie manufacturière
Fabrication de pâte à papier;Fabrication de pâte à papier;Fabrication de pâte à papier, de papier et de carton;Industrie du papier et du carton;Industrie manufacturière
Autres activités récréatives et de loisirs;Autres activités récréatives et de loisirs;Activités récréatives et de loisirs;Activités sportives, récréatives et de loisirs;Arts, spectacles et activités récréatives
Transformation et conservation de la viande de boucherie;Transformation et conservation de la viande de boucherie;Transformation et conservation de la viande et préparation de produits à base de viande;Industries alimentaires;Industrie manufacturière
Commerce de détail de livres en magasin spécialisé;Commerce de détail de livres en magasin spécialisé;Commerce de détail de biens culturels et de loisirs en magasin spécialisé;Commerce de détail, à l'exception des automobiles et des motocycles;"Commerce; réparation d'automobiles et de motocycles"
Fabrication de machines d'imprimerie;Fabrication d'autres machines d'usage spécifique n.c.a.;Fabrication d'autres machines d'usage spécifique;Fabrication de machines et équipements n.c.a.;Industrie manufacturière
Culture du riz;Culture du riz;Cultures non permanentes;Culture et production animale, chasse et services annexes;Agriculture, sylviculture et pêche
Autres commerces de détail en magasin non spécialisé;Autre commerce de détail en magasin non spécialisé;Commerce de détail en magasin non spécialisé;Commerce de détail, à l'exception des automobiles et des motocycles;"Commerce; réparation d'automobiles et de motocycles"
Autre mise à disposition de ressources humaines;Autre mise à disposition de ressources humaines;Autre mise à disposition de ressources humaines;Activités liées à l'emploi;Activités de services administratifs et de soutien
Fabrication de fromage;Exploitation de laiteries et fabrication de fromage;Fabrication de produits laitiers;Industries alimentaires;Industrie manufacturière
Services de déménagement;Services de déménagement;Transports routiers de fret et services de déménagement;Transports terrestres et transport par conduites;Transports et entreposage
Commerce de détail de meubles;Commerce de détail de meubles, appareils d'éclairage et autres articles de ménage en magasin spécialisé;Commerce de détail d'autres équipements du foyer en magasin spécialisé;Commerce de détail, à l'exception des automobiles et des motocycles;"Commerce; réparation d'automobiles et de motocycles"
Chasse, piégeage et services annexes;Chasse, piégeage et services annexes;Chasse, piégeage et services annexes;Culture et production animale, chasse et services annexes;Agriculture, sylviculture et pêche
Commerce de gros (commerce interentreprises) de bois et de matériaux de construction;Commerce de gros de bois, de matériaux de construction et d'appareils sanitaires;Autres commerces de gros spécialisés;Commerce de gros, à l'exception des automobiles et des motocycles;"Commerce; réparation d'automobiles et de motocycles"
Fabrication de verre plat;Fabrication de verre plat;Fabrication de verre et d'articles en verre;Fabrication d'autres produits minéraux non métalliques;Industrie manufacturière
Autres activités auxiliaires d'assurance et de caisses de retraite;Autres activités auxiliaires d'assurance et de caisses de retraite;Activités auxiliaires d'assurance et de caisses de retraite;Activités auxiliaires de services financiers et d'assurance;Activités financières et d'assurance
Traitement et revêtement des métaux;Traitement et revêtement des métaux;"Traitement et revêtement des métaux; usinage";Fabrication de produits métalliques, à l'exception des machines et des équipements;Industrie manufacturière
Autres commerces de détail alimentaires en magasin spécialisé;Autres commerces de détail alimentaires en magasin spécialisé;Commerce de détail alimentaire en magasin spécialisé;Commerce de détail, à l'exception des automobiles et des motocycles;"Commerce; réparation d'automobiles et de motocycles"
Activités des agences de recouvrement de factures et des sociétés d'information financière sur la clientèle;Activités des agences de recouvrement de factures et des sociétés d'information financière sur la clientèle;Activités de soutien aux entreprises n.c.a.;Activités administratives et autres activités de soutien aux entreprises;Activités de services administratifs et de soutien
Autres intermédiations monétaires;Autres intermédiations monétaires;Intermédiation monétaire;Activités des services financiers, hors assurance et caisses de retraite;Activités financières et d'assurance
Transformation et conservation de poisson, de crustacés et de mollusques;Transformation et conservation de poisson, de crustacés et de mollusques;Transformation et conservation de poisson, de crustacés et de mollusques;Industries alimentaires;Industrie manufacturière
Coiffure;Coiffure et soins de beauté;Autres services personnels;Autres services personnels;Autres activités de services
Dépollution et autres services de gestion des déchets;Dépollution et autres services de gestion des déchets;Dépollution et autres services de gestion des déchets;Dépollution et autres services de gestion des déchets;"Production et distribution d'eau; assainissement, gestion des déchets et dépollution"
Activités des ménages en tant qu'employeurs de personnel domestique;Activités des ménages en tant qu'employeurs de personnel domestique;Activités des ménages en tant qu'employeurs de personnel domestique;Activités des ménages en tant qu'employeurs de personnel domestique;"Activités des ménages en tant qu'employeurs; activités indifférenciées des ménages en tant que producteurs de biens et services pour usage propre"
Entretien et réparation de véhicules automobiles légers;Entretien et réparation de véhicules automobiles;Entretien et réparation de véhicules automobiles;Commerce et réparation d'automobiles et de motocycles;"Commerce; réparation d'automobiles et de motocycles"
Fabrication de préparations pharmaceutiques;Fabrication de préparations pharmaceutiques;Fabrication de préparations pharmaceutiques;Industrie pharmaceutique;Industrie manufacturière
Commerce de gros (commerce interentreprises) de fournitures et équipements industriels divers;Commerce de gros d'autres machines et équipements;Commerce de gros d'autres équipements industriels;Commerce de gros, à l'exception des automobiles et des motocycles;"Commerce; réparation d'automobiles et de motocycles"
Préparation industrielle de produits à base de viande;Préparation de produits à base de viande;Transformation et conservation de la viande et préparation de produits à base de viande;Industries alimentaires;Industrie manufacturière
Travaux de démolition;Travaux de démolition;Démolition et préparation des sites;Travaux de construction spécialisés;Construction
Commerces de détail de charbons et combustibles;Autre commerce de détail de biens neufs en magasin spécialisé;Autres commerces de détail en magasin spécialisé;Commerce de détail, à l'exception des automobiles et des motocycles;"Commerce; réparation d'automobiles et de motocycles"
Production d'autres boissons fermentées non distillées;Production d'autres boissons fermentées non distillées;Fabrication de boissons;Fabrication de boissons;Industrie manufacturière
Traitement des semences;Traitement des semences;Activités de soutien à l'agriculture et traitement primaire des récoltes;Culture et production animale, chasse et services annexes;Agriculture, sylviculture et pêche
Fabrication de matériel d'installation électrique;Fabrication de matériel d'installation électrique;Fabrication de fils et câbles et de matériel d'installation électrique;Fabrication d'équipements électriques;Industrie manufacturière
Fabrication de machines agricoles et forestières;Fabrication de machines agricoles et forestières;Fabrication de machines agricoles et forestières;Fabrication de machines et équipements n.c.a.;Industrie manufacturière
Autre création artistique;Création artistique;Activités créatives, artistiques et de spectacle;Activités créatives, artistiques et de spectacle;Arts, spectacles et activités récréatives
Commerce d'autres véhicules automobiles;Commerce d'autres véhicules automobiles;Commerce de véhicules automobiles;Commerce et réparation d'automobiles et de motocycles;"Commerce; réparation d'automobiles et de motocycles"
Commerces de détail d'optique;Autre commerce de détail de biens neufs en magasin spécialisé;Autres commerces de détail en magasin spécialisé;Commerce de détail, à l'exception des automobiles et des motocycles;"Commerce; réparation d'automobiles et de motocycles"
Commerce de gros (commerce interentreprises) de fleurs et plantes;Commerce de gros de fleurs et plantes;Commerce de gros de produits agricoles bruts et d'animaux vivants;Commerce de gros, à l'exception des automobiles et des motocycles;"Commerce; réparation d'automobiles et de motocycles"
Transports fluviaux de fret;Transports fluviaux de fret;Transports fluviaux de fret;Transports par eau;Transports et entreposage
Administration de marchés financiers;Administration de marchés financiers;Activités auxiliaires de services financiers, hors assurance et caisses de retraite;Activités auxiliaires de services financiers et d'assurance;Activités financières et d'assurance
Découpage, emboutissage;"Forge, emboutissage, estampage; métallurgie des poudres";"Forge, emboutissage, estampage; métallurgie des poudres";Fabrication de produits métalliques, à l'exception des machines et des équipements;Industrie manufacturière
Fabrication de lait liquide et de produits frais;Exploitation de laiteries et fabrication de fromage;Fabrication de produits laitiers;Industries alimentaires;Industrie manufacturière
Commerce de détail d'habillement en magasin spécialisé;Commerce de détail d'habillement en magasin spécialisé;Autres commerces de détail en magasin spécialisé;Commerce de détail, à l'exception des automobiles et des motocycles;"Commerce; réparation d'automobiles et de motocycles"
Fabrication d'équipements aérauliques et frigorifiques industriels;Fabrication d'équipements aérauliques et frigorifiques industriels;Fabrication d'autres machines d'usage général;Fabrication de machines et équipements n.c.a.;Industrie manufacturière
Culture de fruits oléagineux;Culture de fruits oléagineux;Cultures permanentes;Culture et production animale, chasse et services annexes;Agriculture, sylviculture et pêche
Transports spatiaux;Transports spatiaux;Transports aériens de fret et transports spatiaux;Transports aériens;Transports et entreposage
Activités d'ordre public et de sécurité;Activités d'ordre public et de sécurité;Services de prérogative publique;"Administration publique et défense; sécurité sociale obligatoire";Administration publique
Fabrication d'articles métalliques ménagers;Fabrication d'autres produits métalliques n.c.a.;Fabrication d'autres ouvrages en métaux;Fabrication de produits métalliques, à l'exception des machines et des équipements;Industrie manufacturière
Entreposage et stockage frigorifique;Entreposage et stockage;Entreposage et stockage;Entreposage et services auxiliaires des transports;Transports et entreposage
Fabrication de produits amylacés;Fabrication de produits amylacés;"Travail des grains; fabrication de produits amylacés";Industries alimentaires;Industrie manufacturière
Commerce de détail de produits à base de tabac en magasin spécialisé;Commerce de détail de produits à base de tabac en magasin spécialisé;Commerce de détail alimentaire en magasin spécialisé;Commerce de détail, à l'exception des automobiles et des motocycles;"Commerce; réparation d'automobiles et de motocycles"
Construction de locomotives et d'autre matériel ferroviaire roulant;Construction de locomotives et d'autre matériel ferroviaire roulant;Construction de locomotives et d'autre matériel ferroviaire roulant;Fabrication d'autres matériels de transport;Industrie manufacturière
Élevage d'ovins et de caprins;Élevage d'ovins et de caprins;Production animale;Culture et production animale, chasse et services annexes;Agriculture, sylviculture et pêche
Fabrication de bière;Fabrication de bière;Fabrication de boissons;Fabrication de boissons;Industrie manufacturière
Télécommunications sans fil;Télécommunications sans fil;Télécommunications sans fil;Télécommunications;Information et communication
Promotion immobilière d'autres bâtiments;Promotion immobilière;Promotion immobilière;Construction de bâtiments;Construction
Recherche-développement en sciences humaines et sociales;Recherche-développement en sciences humaines et sociales;Recherche-développement en sciences humaines et sociales;Recherche-développement scientifique;Activités spécialisées, scientifiques et techniques
Édition de chaînes thématiques;Programmation de télévision et télédiffusion;Programmation de télévision et télédiffusion;Programmation et diffusion;Information et communication
Commerce de gros (commerce interentreprises) d'articles d'horlogerie et de bijouterie;Commerce de gros d'articles d'horlogerie et de bijouterie;Commerce de gros de biens domestiques;Commerce de gros, à l'exception des automobiles et des motocycles;"Commerce; réparation d'automobiles et de motocycles"
Pâtisserie;Fabrication de pain et de pâtisserie fraîche;Fabrication de produits de boulangerie-pâtisserie et de pâtes alimentaires;Industries alimentaires;Industrie manufacturière
Photocopie, préparation de documents et autres activités spécialisées de soutien de bureau;Photocopie, préparation de documents et autres activités spécialisées de soutien de bureau;Activités administratives;Activités administratives et autres activités de soutien aux entreprises;Activités de services administratifs et de soutien
Tierce maintenance de systèmes et d'applications informatiques;Conseil informatique;Programmation, conseil et autres activités informatiques;Programmation, conseil et autres activités informatiques;Information et communication
Construction d'ouvrages maritimes et fluviaux;Construction d'ouvrages maritimes et fluviaux;Construction d'autres ouvrages de génie civil;Génie civil;Construction
Nettoyage courant des bâtiments;Nettoyage courant des bâtiments;Activités de nettoyage;Services relatifs aux bâtiments et aménagement paysager;Activités de services administratifs et de soutien
Fabrication de matériel médico-chirurgical et dentaire;Fabrication d'instruments et de fournitures à usage médical et dentaire;Fabrication d'instruments et de fournitures à usage médical et dentaire;Autres industries manufacturières;Industrie manufacturière
Fabrication de non-tissés, sauf habillement;Fabrication de non-tissés, sauf habillement;Fabrication d'autres textiles;Fabrication de textiles;Industrie manufacturière
Transports maritimes et côtiers de fret;Transports maritimes et côtiers de fret;Transports maritimes et côtiers de fret;Transports par eau;Transports et entreposage
Centrales d'achat de carburant;Intermédiaires du commerce en combustibles, métaux, minéraux et produits chimiques;Intermédiaires du commerce de gros;Commerce de gros, à l'exception des automobiles et des motocycles;"Commerce; réparation d'automobiles et de motocycles"
Location et location-bail de machines et équipements agricoles;Location et location-bail de machines et équipements agricoles;Location et location-bail d'autres machines, équipements et biens;Activités de location et location-bail;Activités de services administratifs et de soutien
Fabrication de tubes, tuyaux, profilés creux et accessoires correspondants en acier;Fabrication de tubes, tuyaux, profilés creux et accessoires correspondants en acier;Fabrication de tubes, tuyaux, profilés creux et accessoires correspondants en acier;Métallurgie;Industrie manufacturière
Gestion d'installations informatiques;Gestion d'installations informatiques;Programmation, conseil et autres activités informatiques;Programmation, conseil et autres activités informatiques;Information et communication
Vente à distance sur catalogue général;Vente à distance;Commerce de détail hors magasin, éventaires ou marchés;Commerce de détail, à l'exception des automobiles et des motocycles;"Commerce; réparation d'automobiles et de motocycles"
Activités hospitalières;Activités hospitalières;Activités hospitalières;Activités pour la santé humaine;Santé humaine et action sociale
Réparation d'équipements de communication;Réparation d'équipements de communication;Réparation d'ordinateurs et d'équipements de communication;Réparation d'ordinateurs et de biens personnels et domestiques;Autres activités de services
Activités des organisations politiques;Activités des organisations politiques;Activités des autres organisations associatives;Activités des organisations associatives;Autres activités de services
Construction de maisons individuelles;Construction de bâtiments résidentiels et non résidentiels;Construction de bâtiments résidentiels et non résidentiels;Construction de bâtiments;Construction
Fabrication d'instruments de musique;Fabrication d'instruments de musique;Fabrication d'instruments de musique;Autres industries manufacturières;Industrie manufacturière
Aquaculture en mer;Aquaculture en mer;Aquaculture;Pêche et aquaculture;Agriculture, sylviculture et pêche
Programmation informatique;Programmation informatique;Programmation, conseil et autres activités informatiques;Programmation, conseil et autres activités informatiques;Information et communication
Commerce de gros (commerce interentreprises) de fournitures pour la plomberie et le chauffage;Commerce de gros de quincaillerie et fournitures pour plomberie et chauffage;Autres commerces de gros spécialisés;Commerce de gros, à l'exception des automobiles et des motocycles;"Commerce; réparation d'automobiles et de motocycles"
Fabrication d'autres articles en caoutchouc;Fabrication d'autres articles en caoutchouc;Fabrication de produits en caoutchouc;Fabrication de produits en caoutchouc et en plastique;Industrie manufacturière
Fabrication de cidre et de vins de fruits;Fabrication de cidre et de vins de fruits;Fabrication de boissons;Fabrication de boissons;Industrie manufacturière
Travaux de couverture par éléments;Travaux de couverture;Autres travaux de construction spécialisés;Travaux de construction spécialisés;Construction
Hébergement médicalisé pour personnes âgées;Hébergement médicalisé;Hébergement médicalisé;Hébergement médico-social et social;Santé humaine et action sociale
Commerce de détail de fleurs, plantes, graines, engrais, animaux de compagnie et aliments pour ces animaux en magasin spécialisé;Commerce de détail de fleurs, plantes, graines, engrais, animaux de compagnie et aliments pour ces animaux en magasin spécialisé;Autres commerces de détail en magasin spécialisé;Commerce de détail, à l'exception des automobiles et des motocycles;"Commerce; réparation d'automobiles et de motocycles"
Construction d'ouvrages d'art;Construction de ponts et tunnels;Construction de routes et de voies ferrées;Génie civil;Construction
Fabrication de matières plastiques de base;Fabrication de matières plastiques de base;Fabrication de produits chimiques de base, de produits azotés et d'engrais, de matières plastiques de base et de caoutchouc synthétique;Industrie chimique;Industrie manufacturière
Traitement de données, hébergement et activités connexes;Traitement de données, hébergement et activités connexes;"Traitement de données, hébergement et activités connexes; portails Internet";Services d'information;Information et communication
Fabrication d'autres pompes et compresseurs;Fabrication d'autres pompes et compresseurs;Fabrication de machines d'usage général;Fabrication de machines et équipements n.c.a.;Industrie manufacturière
Commerce de combustibles gazeux par conduites;Commerce de combustibles gazeux par conduites;Production et distribution de combustibles gazeux;Production et distribution d'électricité, de gaz, de vapeur et d'air conditionné;Production et distribution d'électricité, de gaz, de vapeur et d'air conditionné
Fabrication de moteurs, génératrices et transformateurs électriques;Fabrication de moteurs, génératrices et transformateurs électriques;Fabrication de moteurs, génératrices et transformateurs électriques et de matériel de distribution et de commande électrique;Fabrication d'équipements électriques;Industrie manufacturière
Activité des médecins généralistes;Activité des médecins généralistes;Activité des médecins et des dentistes;Activités pour la santé humaine;Santé humaine et action sociale
Autres activités auxiliaires de services financiers, hors assurance et caisses de retraite, n.c.a.;Autres activités auxiliaires de services financiers, hors assurance et caisses de retraite;Activités auxiliaires de services financiers, hors assurance et caisses de retraite;Activités auxiliaires de services financiers et d'assurance;Activités financières et d'assurance
Commerce de détail de boissons en magasin spécialisé;Commerce de détail de boissons en magasin spécialisé;Commerce de détail alimentaire en magasin spécialisé;Commerce de détail, à l'exception des automobiles et des motocycles;"Commerce; réparation d'automobiles et de motocycles"
Culture de plantes à épices, aromatiques, médicinales et pharmaceutiques;Culture de plantes à épices, aromatiques, médicinales et pharmaceutiques;Cultures permanentes;Culture et production animale, chasse et services annexes;Agriculture, sylviculture et pêche
Transports par conduites;Transports par conduites;Transports par conduites;Transports terrestres et transport par conduites;Transports et entreposage
Culture de plantes à fibres;Culture de plantes à fibres;Cultures non permanentes;Culture et production animale, chasse et services annexes;Agriculture, sylviculture et pêche
Autres activités extractives n.c.a.;Autres activités extractives n.c.a.;Activités extractives n.c.a.;Autres industries extractives;Industries extractives
Boulangerie et boulangerie-pâtisserie;Fabrication de pain et de pâtisserie fraîche;Fabrication de produits de boulangerie-pâtisserie et de pâtes alimentaires;Industries alimentaires;Industrie manufacturière
Travaux de charpente;Travaux de couverture;Autres travaux de construction spécialisés;Travaux de construction spécialisés;Construction
Fabrication de béton prêt à l'emploi;Fabrication de béton prêt à l'emploi;Fabrication d'ouvrages en béton, en ciment ou en plâtre;Fabrication d'autres produits minéraux non métalliques;Industrie manufacturière
Construction et entretien de tunnels;Construction de ponts et tunnels;Construction de routes et de voies ferrées;Génie civil;Construction
"Fabrication d'objets divers en bois; fabrication d'objets en liège, vannerie et sparterie";"Fabrication d'objets divers en bois; fabrication d'objets en liège, vannerie et sparterie";Fabrication d'articles en bois, liège, vannerie et sparterie;"Travail du bois et fabrication d'articles en bois et en liège, à l'exception des meubles; fabrication d'articles en vannerie et sparterie";Industrie manufacturière
Autres services personnels n.c.a.;Autres services personnels n.c.a.;Autres services personnels;Autres services personnels;Autres activités de services
Fabrication de générateurs de vapeur, à l'exception des chaudières pour le chauffage central;Fabrication de générateurs de vapeur, à l'exception des chaudières pour le chauffage central;Fabrication de générateurs de vapeur, à l'exception des chaudières pour le chauffage central;Fabrication de produits métalliques, à l'exception des machines et des équipements;Industrie manufacturière
Location de courte durée de voitures et de véhicules automobiles légers;Location et location-bail de voitures et de véhicules automobiles légers;Location et location-bail de véhicules automobiles;Activités de location et location-bail;Activités de services administratifs et de soutien
Activités de centres d'appels;Activités de centres d'appels;Activités de centres d'appels;Activités administratives et autres activités de soutien aux entreprises;Activités de services administratifs et de soutien
Fabrication et façonnage d'autres articles en verre, y compris verre technique;Fabrication et façonnage d'autres articles en verre, y compris verre technique;Fabrication de verre et d'articles en verre;Fabrication d'autres produits minéraux non métalliques;Industrie manufacturière
Réparation d'ouvrages en métaux;Réparation d'ouvrages en métaux;Réparation d'ouvrages en métaux, de machines et d'équipements;Réparation et installation de machines et d'équipements;Industrie manufacturière
Extraction des minéraux chimiques et d'engrais minéraux;Extraction des minéraux chimiques et d'engrais minéraux;Activités extractives n.c.a.;Autres industries extractives;Industries extractives
Production de boissons alcooliques distillées;Production de boissons alcooliques distillées;Fabrication de boissons;Fabrication de boissons;Industrie manufacturière
Fabrication de piles et d'accumulateurs électriques;Fabrication de piles et d'accumulateurs électriques;Fabrication de piles et d'accumulateurs électriques;Fabrication d'équipements électriques;Industrie manufacturière
Commerce de gros (commerce interentreprises) de produits à base de tabac;Commerce de gros de produits à base de tabac;Commerce de gros de produits alimentaires, de boissons et de tabac;Commerce de gros, à l'exception des automobiles et des motocycles;"Commerce; réparation d'automobiles et de motocycles"
Activités des agences de placement de main-d'œuvre;Activités des agences de placement de main-d'œuvre;Activités des agences de placement de main-d'œuvre;Activités liées à l'emploi;Activités de services administratifs et de soutien
Location de camions avec chauffeur;Transports routiers de fret;Transports routiers de fret et services de déménagement;Transports terrestres et transport par conduites;Transports et entreposage
Commerce de gros (commerce interentreprises) de minerais et métaux;Commerce de gros de minerais et métaux;Autres commerces de gros spécialisés;Commerce de gros, à l'exception des automobiles et des motocycles;"Commerce; réparation d'automobiles et de motocycles"
Fabrication de structures métalliques et de parties de structures;Fabrication de structures métalliques et de parties de structures;Fabrication d'éléments en métal pour la construction;Fabrication de produits métalliques, à l'exception des machines et des équipements;Industrie manufacturière
Commerce de détail d'autres équipements du foyer;Commerce de détail de meubles, appareils d'éclairage et autres articles de ménage en magasin spécialisé;Commerce de détail d'autres équipements du foyer en magasin spécialisé;Commerce de détail, à l'exception des automobiles et des motocycles;"Commerce; réparation d'automobiles et de motocycles"
Location avec opérateur de matériel de construction;Autres travaux de construction spécialisés n.c.a.;Autres travaux de construction spécialisés;Travaux de construction spécialisés;Construction
Administration publique générale;Administration publique générale;Administration générale, économique et sociale;"Administration publique et défense; sécurité sociale obligatoire";Administration publique
Tréfilage à froid;Tréfilage à froid;Fabrication d'autres produits de première transformation de l'acier;Métallurgie;Industrie manufacturière
Activités des organisations patronales et consulaires;Activités des organisations patronales et consulaires;Activités des organisations économiques, patronales et professionnelles;Activités des organisations associatives;Autres activités de services
Fabrication d'autres ouvrages en béton, en ciment ou en plâtre;Fabrication d'autres ouvrages en béton, en ciment ou en plâtre;Fabrication d'ouvrages en béton, en ciment ou en plâtre;Fabrication d'autres produits minéraux non métalliques;Industrie manufacturière
Fabrication de verre creux;Fabrication de verre creux;Fabrication de verre et d'articles en verre;Fabrication d'autres produits minéraux non métalliques;Industrie manufacturière
Construction de réseaux électriques et de télécommunications;Construction de réseaux électriques et de télécommunications;Construction de réseaux et de lignes;Génie civil;Construction
Transports routiers de fret interurbains;Transports routiers de fret;Transports routiers de fret et services de déménagement;Transports terrestres et transport par conduites;Transports et entreposage
Construction d'autres bâtiments;Construction de bâtiments résidentiels et non résidentiels;Construction de bâtiments résidentiels et non résidentiels;Construction de bâtiments;Construction
Commerce de détail de tapis, moquettes et revêtements de murs et de sols en magasin spécialisé;Commerce de détail de tapis, moquettes et revêtements de murs et de sols en magasin spécialisé;Commerce de détail d'autres équipements du foyer en magasin spécialisé;Commerce de détail, à l'exception des automobiles et des motocycles;"Commerce; réparation d'automobiles et de motocycles"
Distribution d'électricité;Distribution d'électricité;Production, transport et distribution d'électricité;Production et distribution d'électricité, de gaz, de vapeur et d'air conditionné;Production et distribution d'électricité, de gaz, de vapeur et d'air conditionné
Fabrication d'huiles essentielles;Fabrication d'huiles essentielles;Fabrication d'autres produits chimiques;Industrie chimique;Industrie manufacturière
Fabrication d'équipements de communication;Fabrication d'équipements de communication;Fabrication d'équipements de communication;Fabrication de produits informatiques, électroniques et optiques;Industrie manufacturière
Fabrication d'autres réservoirs, citernes et conteneurs métalliques;Fabrication d'autres réservoirs, citernes et conteneurs métalliques;Fabrication de réservoirs, citernes et conteneurs métalliques;Fabrication de produits métalliques, à l'exception des machines et des équipements;Industrie manufacturière
Activités des agences de voyage;Activités des agences de voyage;Activités des agences de voyage et voyagistes;Activités des agences de voyage, voyagistes, services de réservation et activités connexes;Activités de services administratifs et de soutien
Travaux d'installation électrique dans tous locaux;Installation électrique;Travaux d'installation électrique, plomberie et autres travaux d'installation;Travaux de construction spécialisés;Construction
Activités de soutien aux autres industries extractives;Activités de soutien aux autres industries extractives;Activités de soutien aux autres industries extractives;Services de soutien aux industries extractives;Industries extractives
Fabrication de tapis et moquettes;Fabrication de tapis et moquettes;Fabrication d'autres textiles;Fabrication de textiles;Industrie manufacturière
Fabrication de ficelles, cordes et filets;Fabrication de ficelles, cordes et filets;Fabrication d'autres textiles;Fabrication de textiles;Industrie manufacturière
Réparation d'ordinateurs et d'équipements périphériques;Réparation d'ordinateurs et d'équipements périphériques;Réparation d'ordinateurs et d'équipements de communication;Réparation d'ordinateurs et de biens personnels et domestiques;Autres activités de services
Traitement et élimination des déchets non dangereux;Traitement et élimination des déchets non dangereux;Traitement et élimination des déchets;"Collecte, traitement et élimination des déchets; récupération";"Production et distribution d'eau; assainissement, gestion des déchets et dépollution"
Fabrication d'autres machines spécialisées;Fabrication d'autres machines d'usage spécifique n.c.a.;Fabrication d'autres machines d'usage spécifique;Fabrication de machines et équipements n.c.a.;Industrie manufacturière
Élevage de vaches laitières;Élevage de vaches laitières;Production animale;Culture et production animale, chasse et services annexes;Agriculture, sylviculture et pêche
Fonds de placement et entités financières similaires;Fonds de placement et entités financières similaires;Fonds de placement et entités financières similaires;Activités des services financiers, hors assurance et caisses de retraite;Activités financières et d'assurance
Décolletage;Usinage;"Traitement et revêtement des métaux; usinage";Fabrication de produits métalliques, à l'exception des machines et des équipements;Industrie manufacturière
Autres transports routiers de voyageurs;Autres transports terrestres de voyageurs n.c.a.;Autres transports terrestres de voyageurs;Transports terrestres et transport par conduites;Transports et entreposage
Vente à distance sur catalogue spécialisé;Vente à distance;Commerce de détail hors magasin, éventaires ou marchés;Commerce de détail, à l'exception des automobiles et des motocycles;"Commerce; réparation d'automobiles et de motocycles"
Production de films et de programmes pour la télévision;Production de films cinématographiques, de vidéo et de programmes de télévision;Activités cinématographiques, vidéo et de télévision;"Production de films cinématographiques, de vidéo et de programmes de télévision; enregistrement sonore et édition musicale";Information et communication
Fabrication de papiers peints;Fabrication de papiers peints;Fabrication d'articles en papier ou en carton;Industrie du papier et du carton;Industrie manufacturière
Activités des agences de presse;Activités des agences de presse;Autres services d'information;Services d'information;Information et communication
Supermarchés;Commerce de détail en magasin non spécialisé à prédominance alimentaire;Commerce de détail en magasin non spécialisé;Commerce de détail, à l'exception des automobiles et des motocycles;"Commerce; réparation d'automobiles et de motocycles"
Autres commerces de détail sur éventaires et marchés;Autres commerces de détail sur éventaires et marchés;Commerce de détail sur éventaires et marchés;Commerce de détail, à l'exception des automobiles et des motocycles;"Commerce; réparation d'automobiles et de motocycles"
Crédit-bail;Crédit-bail;Autres activités des services financiers, hors assurance et caisses de retraite;Activités des services financiers, hors assurance et caisses de retraite;Activités financières et d'assurance
Régie publicitaire de médias;Régie publicitaire de médias;Publicité;Publicité et études de marché;Activités spécialisées, scientifiques et techniques
Courtage de valeurs mobilières et de marchandises;Courtage de valeurs mobilières et de marchandises;Activités auxiliaires de services financiers, hors assurance et caisses de retraite;Activités auxiliaires de services financiers et d'assurance;Activités financières et d'assurance
Transformation du thé et du café;Transformation du thé et du café;Fabrication d'autres produits alimentaires;Industries alimentaires;Industrie manufacturière
Activités chirurgicales;Activité des médecins spécialistes;Activité des médecins et des dentistes;Activités pour la santé humaine;Santé humaine et action sociale
Production d'électricité;Production d'électricité;Production, transport et distribution d'électricité;Production et distribution d'électricité, de gaz, de vapeur et d'air conditionné;Production et distribution d'électricité, de gaz, de vapeur et d'air conditionné
Travaux d'étanchéification;Autres travaux de construction spécialisés n.c.a.;Autres travaux de construction spécialisés;Travaux de construction spécialisés;Construction
Fabrication d'articles en fils métalliques, de chaînes et de ressorts;Fabrication d'articles en fils métalliques, de chaînes et de ressorts;Fabrication d'autres ouvrages en métaux;Fabrication de produits métalliques, à l'exception des machines et des équipements;Industrie manufacturière
Fabrication d'huiles et graisses brutes;Fabrication d'huiles et graisses;Fabrication d'huiles et graisses végétales et animales;Industries alimentaires;Industrie manufacturière
Métallurgie de l'aluminium;Métallurgie de l'aluminium;Production de métaux précieux et d'autres métaux non ferreux;Métallurgie;Industrie manufacturière
Fabrication d'autres textiles techniques et industriels;Fabrication d'autres textiles techniques et industriels;Fabrication d'autres textiles;Fabrication de textiles;Industrie manufacturière
Fabrication d'articles de brosserie;Fabrication d'articles de brosserie;Activités manufacturières n.c.a.;Autres industries manufacturières;Industrie manufacturière
Traitement primaire des récoltes;Traitement primaire des récoltes;Activités de soutien à l'agriculture et traitement primaire des récoltes;Culture et production animale, chasse et services annexes;Agriculture, sylviculture et pêche
Gestion des jardins botaniques et zoologiques et des réserves naturelles;Gestion des jardins botaniques et zoologiques et des réserves naturelles;Bibliothèques, archives, musées et autres activités culturelles;Bibliothèques, archives, musées et autres activités culturelles;Arts, spectacles et activités récréatives
Activités des organisations religieuses;Activités des organisations religieuses;Activités des autres organisations associatives;Activités des organisations associatives;Autres activités de services
Activités de poste dans le cadre d'une obligation de service universel;Activités de poste dans le cadre d'une obligation de service universel;Activités de poste dans le cadre d'une obligation de service universel;Activités de poste et de courrier;Transports et entreposage
Fabrication de produits pharmaceutiques de base;Fabrication de produits pharmaceutiques de base;Fabrication de produits pharmaceutiques de base;Industrie pharmaceutique;Industrie manufacturière
Défense;Défense;Services de prérogative publique;"Administration publique et défense; sécurité sociale obligatoire";Administration publique
Fabrication d'emballages en papier;Fabrication de papier et carton ondulés et d'emballages en papier ou en carton;Fabrication d'articles en papier ou en carton;Industrie du papier et du carton;Industrie manufacturière
Fabrication de savons, détergents et produits d'entretien;Fabrication de savons, détergents et produits d'entretien;Fabrication de savons, de produits d'entretien et de parfums;Industrie chimique;Industrie manufacturière
Réparation d'appareils électroménagers et d'équipements pour la maison et le jardin;Réparation d'appareils électroménagers et d'équipements pour la maison et le jardin;Réparation de biens personnels et domestiques;Réparation d'ordinateurs et de biens personnels et domestiques;Autres activités de services
Culture de fruits à pépins et à noyau;Culture de fruits à pépins et à noyau;Cultures permanentes;Culture et production animale, chasse et services annexes;Agriculture, sylviculture et pêche
Fabrication de supports magnétiques et optiques;Fabrication de supports magnétiques et optiques;Fabrication de supports magnétiques et optiques;Fabrication de produits informatiques, électroniques et optiques;Industrie manufacturière
Construction de navires et de structures flottantes;Construction de navires et de structures flottantes;Construction navale;Fabrication d'autres matériels de transport;Industrie manufacturière
Ennoblissement textile;Ennoblissement textile;Ennoblissement textile;Fabrication de textiles;Industrie manufacturière
Services auxiliaires des transports terrestres;Services auxiliaires des transports terrestres;Services auxiliaires des transports;Entreposage et services auxiliaires des transports;Transports et entreposage
Production et distribution de vapeur et d'air conditionné;Production et distribution de vapeur et d'air conditionné;Production et distribution de vapeur et d'air conditionné;Production et distribution d'électricité, de gaz, de vapeur et d'air conditionné;Production et distribution d'électricité, de gaz, de vapeur et d'air conditionné
Fonderie de fonte;Fonderie de fonte;Fonderie;Métallurgie;Industrie manufacturière
Action sociale sans hébergement n.c.a.;Autre action sociale sans hébergement n.c.a.;Autre action sociale sans hébergement;Action sociale sans hébergement;Santé humaine et action sociale
Ingénierie, études techniques;Activités d'ingénierie;Activités d'architecture et d'ingénierie;"Activités d'architecture et d'ingénierie; activités de contrôle et analyses techniques";Activités spécialisées, scientifiques et techniques
Activités des voyagistes;Activités des voyagistes;Activités des agences de voyage et voyagistes;Activités des agences de voyage, voyagistes, services de réservation et activités connexes;Activités de services administratifs et de soutien
Commerce de gros (commerce interentreprises) de café, thé, cacao et épices;Commerce de gros de café, thé, cacao et épices;Commerce de gros de produits alimentaires, de boissons et de tabac;Commerce de gros, à l'exception des automobiles et des motocycles;"Commerce; réparation d'automobiles et de motocycles"
Fabrication et rechapage de pneumatiques;Fabrication et rechapage de pneumatiques;Fabrication de produits en caoutchouc;Fabrication de produits en caoutchouc et en plastique;Industrie manufacturière
Autres intermédiaires du commerce en denrées, boissons et tabac;Intermédiaires du commerce en denrées, boissons et tabac;Intermédiaires du commerce de gros;Commerce de gros, à l'exception des automobiles et des motocycles;"Commerce; réparation d'automobiles et de motocycles"
Promotion immobilière de bureaux;Promotion immobilière;Promotion immobilière;Construction de bâtiments;Construction
Réparation et maintenance navale;Réparation et maintenance navale;Réparation d'ouvrages en métaux, de machines et d'équipements;Réparation et installation de machines et d'équipements;Industrie manufacturière
Fabrication de vis et de boulons;Fabrication de vis et de boulons;Fabrication d'autres ouvrages en métaux;Fabrication de produits métalliques, à l'exception des machines et des équipements;Industrie manufacturière
Restauration collective sous contrat;Autres services de restauration;Traiteurs et autres services de restauration;Restauration;Hébergement et restauration
Fabrication de plaques, feuilles, tubes et profilés en matières plastiques;Fabrication de plaques, feuilles, tubes et profilés en matières plastiques;Fabrication de produits en plastique;Fabrication de produits en caoutchouc et en plastique;Industrie manufacturière
Fabrication de fibres artificielles ou synthétiques;Fabrication de fibres artificielles ou synthétiques;Fabrication de fibres artificielles ou synthétiques;Industrie chimique;Industrie manufacturière
Autres activités de nettoyage des bâtiments et nettoyage industriel;Autres activités de nettoyage des bâtiments et nettoyage industriel;Activités de nettoyage;Services relatifs aux bâtiments et aménagement paysager;Activités de services administratifs et de soutien
Autres activités d'édition;Autres activités d'édition;Édition de livres et périodiques et autres activités d'édition;Édition;Information et communication
Fabrication de margarine et graisses comestibles similaires;Fabrication de margarine et graisses comestibles similaires;Fabrication d'huiles et graisses végétales et animales;Industries alimentaires;Industrie manufacturière
Commerce de détail de produits pharmaceutiques en magasin spécialisé;Commerce de détail de produits pharmaceutiques en magasin spécialisé;Autres commerces de détail en magasin spécialisé;Commerce de détail, à l'exception des automobiles et des motocycles;"Commerce; réparation d'automobiles et de motocycles"
Autres cultures permanentes;Autres cultures permanentes;Cultures permanentes;Culture et production animale, chasse et services annexes;Agriculture, sylviculture et pêche
Fabrication de peintures, vernis, encres et mastics;Fabrication de peintures, vernis, encres et mastics;Fabrication de peintures, vernis, encres et mastics;Industrie chimique;Industrie manufacturière
Activités des professionnels de la rééducation, de l'appareillage et des pédicures-podologues;Autres activités pour la santé humaine;Autres activités pour la santé humaine;Activités pour la santé humaine;Santé humaine et action sociale
"Forge, estampage, matriçage; métallurgie des poudres";"Forge, emboutissage, estampage; métallurgie des poudres";"Forge, emboutissage, estampage; métallurgie des poudres";Fabrication de produits métalliques, à l'exception des machines et des équipements;Industrie manufacturière
Fabrication de vêtements de travail;Fabrication de vêtements de travail;Fabrication de vêtements, autres qu'en fourrure;Industrie de l'habillement;Industrie manufacturière
Gestion des retraites complémentaires;Sécurité sociale obligatoire;Sécurité sociale obligatoire;"Administration publique et défense; sécurité sociale obligatoire";Administration publique
Fabrication d'articles de voyage, de maroquinerie et de sellerie;Fabrication d'articles de voyage, de maroquinerie et de sellerie;"Apprêt et tannage des cuirs; préparation et teinture des fourrures; fabrication d'articles de voyage, de maroquinerie et de sellerie";Industrie du cuir et de la chaussure;Industrie manufacturière
Industrie des eaux de table;Industrie des eaux minérales et autres eaux embouteillées et des boissons rafraîchissantes;Fabrication de boissons;Fabrication de boissons;Industrie manufacturière
Hébergement social pour handicapés mentaux et malades mentaux;Hébergement social pour personnes handicapées mentales, malades mentales et toxicomanes;Hébergement social pour personnes handicapées mentales, malades mentales et toxicomanes;Hébergement médico-social et social;Santé humaine et action sociale
Culture de légumes, de melons, de racines et de tubercules;Culture de légumes, de melons, de racines et de tubercules;Cultures non permanentes;Culture et production animale, chasse et services annexes;Agriculture, sylviculture et pêche
Commerce de gros (commerce interentreprises) d'habillement et de chaussures;Commerce de gros d'habillement et de chaussures;Commerce de gros de biens domestiques;Commerce de gros, à l'exception des automobiles et des motocycles;"Commerce; réparation d'automobiles et de motocycles"
Cuisson de produits de boulangerie;Fabrication de pain et de pâtisserie fraîche;Fabrication de produits de boulangerie-pâtisserie et de pâtes alimentaires;Industries alimentaires;Industrie manufacturière
Gestion des musées;Gestion des musées;Bibliothèques, archives, musées et autres activités culturelles;Bibliothèques, archives, musées et autres activités culturelles;Arts, spectacles et activités récréatives
Fabrication de beurre;Exploitation de laiteries et fabrication de fromage;Fabrication de produits laitiers;Industries alimentaires;Industrie manufacturière
Activités des organisations professionnelles;Activités des organisations professionnelles;Activités des organisations économiques, patronales et professionnelles;Activités des organisations associatives;Autres activités de services
Activités juridiques;Activités juridiques;Activités juridiques;Activités juridiques et comptables;Activités spécialisées, scientifiques et techniques
Commerce de gros (commerce interentreprises) de combustibles et de produits annexes;Commerce de gros de combustibles et de produits annexes;Autres commerces de gros spécialisés;Commerce de gros, à l'exception des automobiles et des motocycles;"Commerce; réparation d'automobiles et de motocycles"
Édition de répertoires et de fichiers d'adresses;Édition de répertoires et de fichiers d'adresses;Édition de livres et périodiques et autres activités d'édition;Édition;Information et communication
Manutention non portuaire;Manutention;Services auxiliaires des transports;Entreposage et services auxiliaires des transports;Transports et entreposage
Façonnage et transformation du verre plat;Façonnage et transformation du verre plat;Fabrication de verre et d'articles en verre;Fabrication d'autres produits minéraux non métalliques;Industrie manufacturière
Mécanique industrielle;Usinage;"Traitement et revêtement des métaux; usinage";Fabrication de produits métalliques, à l'exception des machines et des équipements;Industrie manufacturière
Conception d'ensemble et assemblage sur site industriel d'équipements de contrôle des processus industriels;Installation de machines et d'équipements industriels;Installation de machines et d'équipements industriels;Réparation et installation de machines et d'équipements;Industrie manufacturière
Fabrication de produits abrasifs;Fabrication de produits abrasifs;Fabrication de produits abrasifs et de produits minéraux non métalliques n.c.a.;Fabrication d'autres produits minéraux non métalliques;Industrie manufacturière
Commerce de détail de poissons, crustacés et mollusques en magasin spécialisé;Commerce de détail de poissons, crustacés et mollusques en magasin spécialisé;Commerce de détail alimentaire en magasin spécialisé;Commerce de détail, à l'exception des automobiles et des motocycles;"Commerce; réparation d'automobiles et de motocycles"
Réparation de machines et équipements mécaniques;Réparation de machines et équipements mécaniques;Réparation d'ouvrages en métaux, de machines et d'équipements;Réparation et installation de machines et d'équipements;Industrie manufacturière
Fabrication d'autres articles à mailles;Fabrication d'autres articles à mailles;Fabrication d'articles à mailles;Industrie de l'habillement;Industrie manufacturière
Location de longue durée de voitures et de véhicules automobiles légers;Location et location-bail de voitures et de véhicules automobiles légers;Location et location-bail de véhicules automobiles;Activités de location et location-bail;Activités de services administratifs et de soutien
Commerce de détail de quincaillerie, peintures et verres en grandes surfaces (400 m² et plus);Commerce de détail de quincaillerie, peintures et verres en magasin spécialisé;Commerce de détail d'autres équipements du foyer en magasin spécialisé;Commerce de détail, à l'exception des automobiles et des motocycles;"Commerce; réparation d'automobiles et de motocycles"
Fabrication d'isolateurs et pièces isolantes en céramique;Fabrication d'isolateurs et pièces isolantes en céramique;Fabrication d'autres produits en céramique et en porcelaine;Fabrication d'autres produits minéraux non métalliques;Industrie manufacturière
Fabrication de lunettes;Fabrication d'instruments et de fournitures à usage médical et dentaire;Fabrication d'instruments et de fournitures à usage médical et dentaire;Autres industries manufacturières;Industrie manufacturière
Intermédiaires du commerce en bois et matériaux de construction;Intermédiaires du commerce en bois et matériaux de construction;Intermédiaires du commerce de gros;Commerce de gros, à l'exception des automobiles et des motocycles;"Commerce; réparation d'automobiles et de motocycles"
Services administratifs combinés de bureau;Services administratifs combinés de bureau;Activités administratives;Activités administratives et autres activités de soutien aux entreprises;Activités de services administratifs et de soutien
Travaux d'installation d'eau et de gaz en tous locaux;Travaux de plomberie et installation de chauffage et de conditionnement d'air;Travaux d'installation électrique, plomberie et autres travaux d'installation;Travaux de construction spécialisés;Construction
Commerce de détail de quincaillerie, peintures et verres en petites surfaces (moins de 400 m²);Commerce de détail de quincaillerie, peintures et verres en magasin spécialisé;Commerce de détail d'autres équipements du foyer en magasin spécialisé;Commerce de détail, à l'exception des automobiles et des motocycles;"Commerce; réparation d'automobiles et de motocycles"
Commerce de détail de viandes et de produits à base de viande en magasin spécialisé;Commerce de détail de viandes et de produits à base de viande en magasin spécialisé;Commerce de détail alimentaire en magasin spécialisé;Commerce de détail, à l'exception des automobiles et des motocycles;"Commerce; réparation d'automobiles et de motocycles"
Autres travaux d'installation n.c.a.;Autres travaux d'installation;Travaux d'installation électrique, plomberie et autres travaux d'installation;Travaux de construction spécialisés;Construction
Travaux de peinture et vitrerie;Travaux de peinture et vitrerie;Travaux de finition;Travaux de construction spécialisés;Construction
Fabrication de produits à base de tabac;Fabrication de produits à base de tabac;Fabrication de produits à base de tabac;Fabrication de produits à base de tabac;Industrie manufacturière
Activités des agences de travail temporaire;Activités des agences de travail temporaire;Activités des agences de travail temporaire;Activités liées à l'emploi;Activités de services administratifs et de soutien
Autres travaux de finition;Autres travaux de finition;Travaux de finition;Travaux de construction spécialisés;Construction
Fabrication d'articles de bijouterie fantaisie et articles similaires;Fabrication d'articles de bijouterie fantaisie et articles similaires;Fabrication d'articles de joaillerie, bijouterie et articles similaires;Autres industries manufacturières;Industrie manufacturière
Transformation et conservation de la viande de volaille;Transformation et conservation de la viande de volaille;Transformation et conservation de la viande et préparation de produits à base de viande;Industries alimentaires;Industrie manufacturière
Commerce de gros (commerce interentreprises) d'autres biens domestiques;Commerce de gros d'autres biens domestiques;Commerce de gros de biens domestiques;Commerce de gros, à l'exception des automobiles et des motocycles;"Commerce; réparation d'automobiles et de motocycles"
Activités spécialisées, scientifiques et techniques diverses;Autres activités spécialisées, scientifiques et techniques n.c.a.;Autres activités spécialisées, scientifiques et techniques n.c.a.;Autres activités spécialisées, scientifiques et techniques;Activités spécialisées, scientifiques et techniques
Récolte de produits forestiers non ligneux poussant à l'état sauvage;Récolte de produits forestiers non ligneux poussant à l'état sauvage;Récolte de produits forestiers non ligneux poussant à l'état sauvage;Sylviculture et exploitation forestière;Agriculture, sylviculture et pêche
Fabrication d'équipements d'aide à la navigation;Fabrication d'instruments et d'appareils de mesure, d'essai et de navigation;"Fabrication d'instruments et d'appareils de mesure, d'essai et de navigation; horlogerie";Fabrication de produits informatiques, électroniques et optiques;Industrie manufacturière
Cokéfaction;Cokéfaction;Cokéfaction;Cokéfaction et raffinage;Industrie manufacturière
Réparation de produits électroniques grand public;Réparation de produits électroniques grand public;Réparation de biens personnels et domestiques;Réparation d'ordinateurs et de biens personnels et domestiques;Autres activités de services
Débits de boissons;Débits de boissons;Débits de boissons;Restauration;Hébergement et restauration
Commerce de détail de matériels de télécommunication en magasin spécialisé;Commerce de détail de matériels de télécommunication en magasin spécialisé;Commerce de détail d'équipements de l'information et de la communication en magasin spécialisé;Commerce de détail, à l'exception des automobiles et des motocycles;"Commerce; réparation d'automobiles et de motocycles"
Commerce de gros (commerce interentreprises) de matériel agricole;Commerce de gros de matériel agricole;Commerce de gros d'autres équipements industriels;Commerce de gros, à l'exception des automobiles et des motocycles;"Commerce; réparation d'automobiles et de motocycles"
Pêche en eau douce;Pêche en eau douce;Pêche;Pêche et aquaculture;Agriculture, sylviculture et pêche
Fabrication de moteurs et turbines, à l'exception des moteurs d'avions et de véhicules;Fabrication de moteurs et turbines, à l'exception des moteurs d'avions et de véhicules;Fabrication de machines d'usage général;Fabrication de machines et équipements n.c.a.;Industrie manufacturière
Fabrication de machines-outils pour le travail des métaux;Fabrication de machines de formage des métaux;Fabrication de machines de formage des métaux et de machines-outils;Fabrication de machines et équipements n.c.a.;Industrie manufacturière
Services des traiteurs;Services des traiteurs;Traiteurs et autres services de restauration;Restauration;Hébergement et restauration
Activité des géomètres;Activités d'ingénierie;Activités d'architecture et d'ingénierie;"Activités d'architecture et d'ingénierie; activités de contrôle et analyses techniques";Activités spécialisées, scientifiques et techniques
Construction aéronautique et spatiale;Construction aéronautique et spatiale;Construction aéronautique et spatiale;Fabrication d'autres matériels de transport;Industrie manufacturière
Construction de bateaux de plaisance;Construction de bateaux de plaisance;Construction navale;Fabrication d'autres matériels de transport;Industrie manufacturière
Élaboration et transformation de matières nucléaires;Élaboration et transformation de matières nucléaires;Production de métaux précieux et d'autres métaux non ferreux;Métallurgie;Industrie manufacturière
Activités de soutien à l'enseignement;Activités de soutien à l'enseignement;Activités de soutien à l'enseignement;Enseignement;Enseignement
Supérettes;Commerce de détail en magasin non spécialisé à prédominance alimentaire;Commerce de détail en magasin non spécialisé;Commerce de détail, à l'exception des automobiles et des motocycles;"Commerce; réparation d'automobiles et de motocycles"
Profilage à froid par formage ou pliage;Profilage à froid par formage ou pliage;Fabrication d'autres produits de première transformation de l'acier;Métallurgie;Industrie manufacturière
Commerce de gros (commerce interentreprises) de composants et d'équipements électroniques et de télécommunication;Commerce de gros de composants et d'équipements électroniques et de télécommunication;Commerce de gros d'équipements de l'information et de la communication;Commerce de gros, à l'exception des automobiles et des motocycles;"Commerce; réparation d'automobiles et de motocycles"
Aquaculture en eau douce;Aquaculture en eau douce;Aquaculture;Pêche et aquaculture;Agriculture, sylviculture et pêche
Travaux de montage de structures métalliques;Autres travaux de construction spécialisés n.c.a.;Autres travaux de construction spécialisés;Travaux de construction spécialisés;Construction
Fabrication de coutellerie;Fabrication de coutellerie;Fabrication de coutellerie, d'outillage et de quincaillerie;Fabrication de produits métalliques, à l'exception des machines et des équipements;Industrie manufacturière
Sylviculture et autres activités forestières;Sylviculture et autres activités forestières;Sylviculture et autres activités forestières;Sylviculture et exploitation forestière;Agriculture, sylviculture et pêche
Commerce de détail alimentaire sur éventaires et marchés;Commerce de détail alimentaire sur éventaires et marchés;Commerce de détail sur éventaires et marchés;Commerce de détail, à l'exception des automobiles et des motocycles;"Commerce; réparation d'automobiles et de motocycles"
Commerce de gros (commerce interentreprises) de produits chimiques;Commerce de gros de produits chimiques;Autres commerces de gros spécialisés;Commerce de gros, à l'exception des automobiles et des motocycles;"Commerce; réparation d'automobiles et de motocycles"
Traitement et élimination des déchets dangereux;Traitement et élimination des déchets dangereux;Traitement et élimination des déchets;"Collecte, traitement et élimination des déchets; récupération";"Production et distribution d'eau; assainissement, gestion des déchets et dépollution"
Fabrication de vins effervescents;Production de vin (de raisin);Fabrication de boissons;Fabrication de boissons;Industrie manufacturière
Commerce de détail d'articles d'horlogerie et de bijouterie en magasin spécialisé;Commerce de détail d'articles d'horlogerie et de bijouterie en magasin spécialisé;Autres commerces de détail en magasin spécialisé;Commerce de détail, à l'exception des automobiles et des motocycles;"Commerce; réparation d'automobiles et de motocycles"
Fabrication d'autres outillages;Fabrication d'outillage;Fabrication de coutellerie, d'outillage et de quincaillerie;Fabrication de produits métalliques, à l'exception des machines et des équipements;Industrie manufacturière
Enrichissement et retraitement de matières nucléaires;Fabrication d'autres produits chimiques inorganiques de base;Fabrication de produits chimiques de base, de produits azotés et d'engrais, de matières plastiques de base et de caoutchouc synthétique;Industrie chimique;Industrie manufacturière
Accueil de jeunes enfants;Action sociale sans hébergement pour jeunes enfants;Autre action sociale sans hébergement;Action sociale sans hébergement;Santé humaine et action sociale
Édition de logiciels outils de développement et de langages;Édition d'autres logiciels;Édition de logiciels;Édition;Information et communication
Édition de logiciels système et de réseau;Édition d'autres logiciels;Édition de logiciels;Édition;Information et communication
Enseignement secondaire général;Enseignement secondaire général;Enseignement secondaire;Enseignement;Enseignement
Fabrication de vêtements en cuir;Fabrication de vêtements en cuir;Fabrication de vêtements, autres qu'en fourrure;Industrie de l'habillement;Industrie manufacturière
Autres enseignements;Enseignements divers;Autres activités d'enseignement;Enseignement;Enseignement
Fabrication de cartes électroniques assemblées;Fabrication de cartes électroniques assemblées;Fabrication de composants et cartes électroniques;Fabrication de produits informatiques, électroniques et optiques;Industrie manufacturière
Conseil en systèmes et logiciels informatiques;Conseil informatique;Programmation, conseil et autres activités informatiques;Programmation, conseil et autres activités informatiques;Information et communication
Fabrication d'autres produits chimiques organiques de base;Fabrication d'autres produits chimiques organiques de base;Fabrication de produits chimiques de base, de produits azotés et d'engrais, de matières plastiques de base et de caoutchouc synthétique;Industrie chimique;Industrie manufacturière
Vinification;Production de vin (de raisin);Fabrication de boissons;Fabrication de boissons;Industrie manufacturière
Fabrication d'outillage portatif à moteur incorporé;Fabrication d'outillage portatif à moteur incorporé;Fabrication d'autres machines d'usage général;Fabrication de machines et équipements n.c.a.;Industrie manufacturière
Fabrication d'éléments en plâtre pour la construction;Fabrication d'éléments en plâtre pour la construction;Fabrication d'ouvrages en béton, en ciment ou en plâtre;Fabrication d'autres produits minéraux non métalliques;Industrie manufacturière
Laboratoires d'analyses médicales;Autres activités pour la santé humaine;Autres activités pour la santé humaine;Activités pour la santé humaine;Santé humaine et action sociale
Grands magasins;Autre commerce de détail en magasin non spécialisé;Commerce de détail en magasin non spécialisé;Commerce de détail, à l'exception des automobiles et des motocycles;"Commerce; réparation d'automobiles et de motocycles"
Élevage de chevaux et d'autres équidés;Élevage de chevaux et d'autres équidés;Production animale;Culture et production animale, chasse et services annexes;Agriculture, sylviculture et pêche
Ambulances;Autres activités pour la santé humaine;Autres activités pour la santé humaine;Activités pour la santé humaine;Santé humaine et action sociale
Services d'aménagement paysager;Services d'aménagement paysager;Services d'aménagement paysager;Services relatifs aux bâtiments et aménagement paysager;Activités de services administratifs et de soutien
Commerce de gros (commerce interentreprises) de fruits et légumes;Commerce de gros de fruits et légumes;Commerce de gros de produits alimentaires, de boissons et de tabac;Commerce de gros, à l'exception des automobiles et des motocycles;"Commerce; réparation d'automobiles et de motocycles"
Commerce de gros (commerce interentreprises) de machines pour l'extraction, la construction et le génie civil;Commerce de gros de machines pour l'extraction, la construction et le génie civil;Commerce de gros d'autres équipements industriels;Commerce de gros, à l'exception des automobiles et des motocycles;"Commerce; réparation d'automobiles et de motocycles"
Fabrication d'autres articles de robinetterie;Fabrication d'autres articles de robinetterie;Fabrication de machines d'usage général;Fabrication de machines et équipements n.c.a.;Industrie manufacturière
Fabrication de vêtements de dessous;Fabrication de vêtements de dessous;Fabrication de vêtements, autres qu'en fourrure;Industrie de l'habillement;Industrie manufacturière
Commerce de gros (commerce interentreprises) de matériel électrique;Commerce de gros d'autres machines et équipements;Commerce de gros d'autres équipements industriels;Commerce de gros, à l'exception des automobiles et des motocycles;"Commerce; réparation d'automobiles et de motocycles"
Location et location-bail d'autres biens personnels et domestiques;Location et location-bail d'autres biens personnels et domestiques;Location et location-bail de biens personnels et domestiques;Activités de location et location-bail;Activités de services administratifs et de soutien
Messagerie, fret express;Autres services auxiliaires des transports;Services auxiliaires des transports;Entreposage et services auxiliaires des transports;Transports et entreposage
Autres commerces de détail spécialisés divers;Autre commerce de détail de biens neufs en magasin spécialisé;Autres commerces de détail en magasin spécialisé;Commerce de détail, à l'exception des automobiles et des motocycles;"Commerce; réparation d'automobiles et de motocycles"
Autres activités informatiques;Autres activités informatiques;Programmation, conseil et autres activités informatiques;Programmation, conseil et autres activités informatiques;Information et communication
Construction de voies ferrées de surface et souterraines;Construction de voies ferrées de surface et souterraines;Construction de routes et de voies ferrées;Génie civil;Construction
Transformation et conservation de fruits;Autre transformation et conservation de fruits et légumes;Transformation et conservation de fruits et légumes;Industries alimentaires;Industrie manufacturière
Fabrication de jeux et jouets;Fabrication de jeux et jouets;Fabrication de jeux et jouets;Autres industries manufacturières;Industrie manufacturière
Agences immobilières;Agences immobilières;Activités immobilières pour compte de tiers;Activités immobilières;Activités immobilières
Hébergement social pour enfants en difficultés;Autres activités d'hébergement social;Autres activités d'hébergement social;Hébergement médico-social et social;Santé humaine et action sociale
Activités des sociétés holding;Activités des sociétés holding;Activités des sociétés holding;Activités des services financiers, hors assurance et caisses de retraite;Activités financières et d'assurance
Magasins multi-commerces;Commerce de détail en magasin non spécialisé à prédominance alimentaire;Commerce de détail en magasin non spécialisé;Commerce de détail, à l'exception des automobiles et des motocycles;"Commerce; réparation d'automobiles et de motocycles"
Fabrication d'articles de papeterie;Fabrication d'articles de papeterie;Fabrication d'articles en papier ou en carton;Industrie du papier et du carton;Industrie manufacturière
Enseignement pré-primaire;Enseignement pré-primaire;Enseignement pré-primaire;Enseignement;Enseignement
Vente à domicile;Autres commerces de détail hors magasin, éventaires ou marchés;Commerce de détail hors magasin, éventaires ou marchés;Commerce de détail, à l'exception des automobiles et des motocycles;"Commerce; réparation d'automobiles et de motocycles"
Édition de chaînes généralistes;Programmation de télévision et télédiffusion;Programmation de télévision et télédiffusion;Programmation et diffusion;Information et communication
Fabrication d'autres équipements automobiles;Fabrication d'autres équipements automobiles;Fabrication d'équipements automobiles;Industrie automobile;Industrie manufacturière
Élevage d'autres animaux;Élevage d'autres animaux;Production animale;Culture et production animale, chasse et services annexes;Agriculture, sylviculture et pêche
Entretien et réparation d'autres véhicules automobiles;Entretien et réparation de véhicules automobiles;Entretien et réparation de véhicules automobiles;Commerce et réparation d'automobiles et de motocycles;"Commerce; réparation d'automobiles et de motocycles"
Commerce d'alimentation générale;Commerce de détail en magasin non spécialisé à prédominance alimentaire;Commerce de détail en magasin non spécialisé;Commerce de détail, à l'exception des automobiles et des motocycles;"Commerce; réparation d'automobiles et de motocycles"
Meunerie;Travail des grains;"Travail des grains; fabrication de produits amylacés";Industries alimentaires;Industrie manufacturière
Commerce de gros (commerce interentreprises) de machines pour l'industrie textile et l'habillement;Commerce de gros de machines pour l'industrie textile et l'habillement;Commerce de gros d'autres équipements industriels;Commerce de gros, à l'exception des automobiles et des motocycles;"Commerce; réparation d'automobiles et de motocycles"
Commerce de gros (commerce interentreprises) d'animaux vivants;Commerce de gros d'animaux vivants;Commerce de gros de produits agricoles bruts et d'animaux vivants;Commerce de gros, à l'exception des automobiles et des motocycles;"Commerce; réparation d'automobiles et de motocycles"
Commerce de détail de journaux et papeterie en magasin spécialisé;Commerce de détail de journaux et papeterie en magasin spécialisé;Commerce de détail de biens culturels et de loisirs en magasin spécialisé;Commerce de détail, à l'exception des automobiles et des motocycles;"Commerce; réparation d'automobiles et de motocycles"
Activités d'architecture;Activités d'architecture;Activités d'architecture et d'ingénierie;"Activités d'architecture et d'ingénierie; activités de contrôle et analyses techniques";Activités spécialisées, scientifiques et techniques
Transports fluviaux de passagers;Transports fluviaux de passagers;Transports fluviaux de passagers;Transports par eau;Transports et entreposage
Fabrication d'autres produits chimiques inorganiques de base n.c.a.;Fabrication d'autres produits chimiques inorganiques de base;Fabrication de produits chimiques de base, de produits azotés et d'engrais, de matières plastiques de base et de caoutchouc synthétique;Industrie chimique;Industrie manufacturière
Commerce de gros (commerce interentreprises) de produits surgelés;Commerce de gros non spécialisé de denrées, boissons et tabac;Commerce de gros de produits alimentaires, de boissons et de tabac;Commerce de gros, à l'exception des automobiles et des motocycles;"Commerce; réparation d'automobiles et de motocycles"
Culture de la vigne;Culture de la vigne;Cultures permanentes;Culture et production animale, chasse et services annexes;Agriculture, sylviculture et pêche
Extraction de minerais d'uranium et de thorium;Extraction de minerais d'uranium et de thorium;Extraction de minerais de métaux non ferreux;Extraction de minerais métalliques;Industries extractives
Fabrication de placage et de panneaux de bois;Fabrication de placage et de panneaux de bois;Fabrication d'articles en bois, liège, vannerie et sparterie;"Travail du bois et fabrication d'articles en bois et en liège, à l'exception des meubles; fabrication d'articles en vannerie et sparterie";Industrie manufacturière
Soins de beauté;Coiffure et soins de beauté;Autres services personnels;Autres services personnels;Autres activités de services
Horlogerie;Horlogerie;"Fabrication d'instruments et d'appareils de mesure, d'essai et de navigation; horlogerie";Fabrication de produits informatiques, électroniques et optiques;Industrie manufacturière
Activités de soutien à la production animale;Activités de soutien à la production animale;Activités de soutien à l'agriculture et traitement primaire des récoltes;Culture et production animale, chasse et services annexes;Agriculture, sylviculture et pêche
Fabrication de ciment;Fabrication de ciment;Fabrication de ciment, chaux et plâtre;Fabrication d'autres produits minéraux non métalliques;Industrie manufacturière
Fabrication de machines pour l'extraction ou la construction;Fabrication de machines pour l'extraction ou la construction;Fabrication d'autres machines d'usage spécifique;Fabrication de machines et équipements n.c.a.;Industrie manufacturière
Administration publique (tutelle) des activités économiques;Administration publique (tutelle) des activités économiques;Administration générale, économique et sociale;"Administration publique et défense; sécurité sociale obligatoire";Administration publique
Fabrication d'ordinateurs et d'équipements périphériques;Fabrication d'ordinateurs et d'équipements périphériques;Fabrication d'ordinateurs et d'équipements périphériques;Fabrication de produits informatiques, électroniques et optiques;Industrie manufacturière
Promotion immobilière de logements;Promotion immobilière;Promotion immobilière;Construction de bâtiments;Construction
Gestion de fonds;Gestion de fonds;Gestion de fonds;Activités auxiliaires de services financiers et d'assurance;Activités financières et d'assurance
Commerce de gros (commerce interentreprises) de machines-outils;Commerce de gros de machines-outils;Commerce de gros d'autres équipements industriels;Commerce de gros, à l'exception des automobiles et des motocycles;"Commerce; réparation d'automobiles et de motocycles"
Restauration traditionnelle;Restaurants et services de restauration mobile;Restaurants et services de restauration mobile;Restauration;Hébergement et restauration
Production de films pour le cinéma;Production de films cinématographiques, de vidéo et de programmes de télévision;Activités cinématographiques, vidéo et de télévision;"Production de films cinématographiques, de vidéo et de programmes de télévision; enregistrement sonore et édition musicale";Information et communication
Réparation d'autres biens personnels et domestiques;Réparation d'autres biens personnels et domestiques;Réparation de biens personnels et domestiques;Réparation d'ordinateurs et de biens personnels et domestiques;Autres activités de services
Autres intermédiaires du commerce en produits divers;Intermédiaires du commerce en produits divers;Intermédiaires du commerce de gros;Commerce de gros, à l'exception des automobiles et des motocycles;"Commerce; réparation d'automobiles et de motocycles"
Activités indifférenciées des ménages en tant que producteurs de biens pour usage propre;Activités indifférenciées des ménages en tant que producteurs de biens pour usage propre;Activités indifférenciées des ménages en tant que producteurs de biens pour usage propre;Activités indifférenciées des ménages en tant que producteurs de biens et services pour usage propre;"Activités des ménages en tant qu'employeurs; activités indifférenciées des ménages en tant que producteurs de biens et services pour usage propre"
Fabrication d'aliments homogénéisés et diététiques;Fabrication d'aliments homogénéisés et diététiques;Fabrication d'autres produits alimentaires;Industries alimentaires;Industrie manufacturière
Fonderie de métaux légers;Fonderie de métaux légers;Fonderie;Métallurgie;Industrie manufacturière
Activités des agents et courtiers d'assurances;Activités des agents et courtiers d'assurances;Activités auxiliaires d'assurance et de caisses de retraite;Activités auxiliaires de services financiers et d'assurance;Activités financières et d'assurance
Réassurance;Réassurance;Réassurance;Assurance;Activités financières et d'assurance
Fabrication de matériels optique et photographique;Fabrication de matériels optique et photographique;Fabrication de matériels optique et photographique;Fabrication de produits informatiques, électroniques et optiques;Industrie manufacturière
Fabrication de colles;Fabrication de colles;Fabrication d'autres produits chimiques;Industrie chimique;Industrie manufacturière
Fabrication de cartonnages;Fabrication de papier et carton ondulés et d'emballages en papier ou en carton;Fabrication d'articles en papier ou en carton;Industrie du papier et du carton;Industrie manufacturière
Fabrication de carrosseries et remorques;Fabrication de carrosseries et remorques;Fabrication de carrosseries et remorques;Industrie automobile;Industrie manufacturière
Activités photographiques;Activités photographiques;Activités photographiques;Autres activités spécialisées, scientifiques et techniques;Activités spécialisées, scientifiques et techniques
Commerce de gros (commerce interentreprises) de sucre, chocolat et confiserie;Commerce de gros de sucre, chocolat et confiserie;Commerce de gros de produits alimentaires, de boissons et de tabac;Commerce de gros, à l'exception des automobiles et des motocycles;"Commerce; réparation d'automobiles et de motocycles"
Fabrication de machines pour l'industrie agro-alimentaire;Fabrication de machines pour l'industrie agro-alimentaire;Fabrication d'autres machines d'usage spécifique;Fabrication de machines et équipements n.c.a.;Industrie manufacturière
Activités d'enquête;Activités d'enquête;Activités d'enquête;Enquêtes et sécurité;Activités de services administratifs et de soutien
Production de métaux précieux;Production de métaux précieux;Production de métaux précieux et d'autres métaux non ferreux;Métallurgie;Industrie manufacturière
Fabrication de caoutchouc synthétique;Fabrication de caoutchouc synthétique;Fabrication de produits chimiques de base, de produits azotés et d'engrais, de matières plastiques de base et de caoutchouc synthétique;Industrie chimique;Industrie manufacturière
Édition de logiciels applicatifs;Édition d'autres logiciels;Édition de logiciels;Édition;Information et communication
Fabrication de condiments et assaisonnements;Fabrication de condiments et assaisonnements;Fabrication d'autres produits alimentaires;Industries alimentaires;Industrie manufacturière
Autres activités de poste et de courrier;Autres activités de poste et de courrier;Autres activités de poste et de courrier;Activités de poste et de courrier;Transports et entreposage
Traduction et interprétation;Traduction et interprétation;Traduction et interprétation;Autres activités spécialisées, scientifiques et techniques;Activités spécialisées, scientifiques et techniques
Activités des infirmiers et des sages-femmes;Autres activités pour la santé humaine;Autres activités pour la santé humaine;Activités pour la santé humaine;Santé humaine et action sociale
Fabrication de produits explosifs;Fabrication de produits explosifs;Fabrication d'autres produits chimiques;Industrie chimique;Industrie manufacturière
Location de logements;Location et exploitation de biens immobiliers propres ou loués;Location et exploitation de biens immobiliers propres ou loués;Activités immobilières;Activités immobilières
Enseignement culturel;Enseignement culturel;Autres activités d'enseignement;Enseignement;Enseignement
Commerce de détail de fruits et légumes en magasin spécialisé;Commerce de détail de fruits et légumes en magasin spécialisé;Commerce de détail alimentaire en magasin spécialisé;Commerce de détail, à l'exception des automobiles et des motocycles;"Commerce; réparation d'automobiles et de motocycles"
Laminage à froid de feuillards;Laminage à froid de feuillards;Fabrication d'autres produits de première transformation de l'acier;Métallurgie;Industrie manufacturière
Commerce de gros (commerce interentreprises) d'appareils électroménagers;Commerce de gros d'appareils électroménagers;Commerce de gros de biens domestiques;Commerce de gros, à l'exception des automobiles et des motocycles;"Commerce; réparation d'automobiles et de motocycles"
Intermédiaires du commerce en textiles, habillement, fourrures, chaussures et articles en cuir;Intermédiaires du commerce en textiles, habillement, fourrures, chaussures et articles en cuir;Intermédiaires du commerce de gros;Commerce de gros, à l'exception des automobiles et des motocycles;"Commerce; réparation d'automobiles et de motocycles"
Travaux de revêtement des sols et des murs;Travaux de revêtement des sols et des murs;Travaux de finition;Travaux de construction spécialisés;Construction
Imprégnation du bois;Sciage et rabotage du bois;Sciage et rabotage du bois;"Travail du bois et fabrication d'articles en bois et en liège, à l'exception des meubles; fabrication d'articles en vannerie et sparterie";Industrie manufacturière
Commerce de gros (commerce interentreprises) d'autres produits intermédiaires;Commerce de gros d'autres produits intermédiaires;Autres commerces de gros spécialisés;Commerce de gros, à l'exception des automobiles et des motocycles;"Commerce; réparation d'automobiles et de motocycles"
Services de soutien à l'exploitation forestière;Services de soutien à l'exploitation forestière;Services de soutien à l'exploitation forestière;Sylviculture et exploitation forestière;Agriculture, sylviculture et pêche
Commerce de gros (commerce interentreprises) non spécialisé;Commerce de gros non spécialisé;Commerce de gros non spécialisé;Commerce de gros, à l'exception des automobiles et des motocycles;"Commerce; réparation d'automobiles et de motocycles"
Commerce de gros (commerce interentreprises) d'autres machines et équipements de bureau;Commerce de gros d'autres machines et équipements de bureau;Commerce de gros d'autres équipements industriels;Commerce de gros, à l'exception des automobiles et des motocycles;"Commerce; réparation d'automobiles et de motocycles"
Commerce de détail de jeux et jouets en magasin spécialisé;Commerce de détail de jeux et jouets en magasin spécialisé;Commerce de détail de biens culturels et de loisirs en magasin spécialisé;Commerce de détail, à l'exception des automobiles et des motocycles;"Commerce; réparation d'automobiles et de motocycles"
Culture de la canne à sucre;Culture de la canne à sucre;Cultures non permanentes;Culture et production animale, chasse et services annexes;Agriculture, sylviculture et pêche
Commerce de détail de matériels audio et vidéo en magasin spécialisé;Commerce de détail de matériels audio/vidéo en magasin spécialisé;Commerce de détail d'équipements de l'information et de la communication en magasin spécialisé;Commerce de détail, à l'exception des automobiles et des motocycles;"Commerce; réparation d'automobiles et de motocycles"
Fabrication de meubles de bureau et de magasin;Fabrication de meubles de bureau et de magasin;Fabrication de meubles;Fabrication de meubles;Industrie manufacturière
Location de vidéocassettes et disques vidéo;Location de vidéocassettes et disques vidéo;Location et location-bail de biens personnels et domestiques;Activités de location et location-bail;Activités de services administratifs et de soutien
Fabrication d'emballages métalliques légers;Fabrication d'emballages métalliques légers;Fabrication d'autres ouvrages en métaux;Fabrication de produits métalliques, à l'exception des machines et des équipements;Industrie manufacturière
Installation de machines et équipements mécaniques;Installation de machines et d'équipements industriels;Installation de machines et d'équipements industriels;Réparation et installation de machines et d'équipements;Industrie manufacturière
Fabrication de colorants et de pigments;Fabrication de colorants et de pigments;Fabrication de produits chimiques de base, de produits azotés et d'engrais, de matières plastiques de base et de caoutchouc synthétique;Industrie chimique;Industrie manufacturière
Fabrication d'autres produits minéraux non métalliques n.c.a.;Fabrication d'autres produits minéraux non métalliques n.c.a.;Fabrication de produits abrasifs et de produits minéraux non métalliques n.c.a.;Fabrication d'autres produits minéraux non métalliques;Industrie manufacturière
Raffinage du pétrole;Raffinage du pétrole;Raffinage du pétrole;Cokéfaction et raffinage;Industrie manufacturière
Fabrication de plats préparés;Fabrication de plats préparés;Fabrication d'autres produits alimentaires;Industries alimentaires;Industrie manufacturière
Autres activités du travail des grains;Travail des grains;"Travail des grains; fabrication de produits amylacés";Industries alimentaires;Industrie manufacturière
Distribution de films cinématographiques;Distribution de films cinématographiques, de vidéo et de programmes de télévision;Activités cinématographiques, vidéo et de télévision;"Production de films cinématographiques, de vidéo et de programmes de télévision; enregistrement sonore et édition musicale";Information et communication
Intermédiaires du commerce en meubles, articles de ménage et quincaillerie;Intermédiaires du commerce en meubles, articles de ménage et quincaillerie;Intermédiaires du commerce de gros;Commerce de gros, à l'exception des automobiles et des motocycles;"Commerce; réparation d'automobiles et de motocycles"
Production de sel;Production de sel;Activités extractives n.c.a.;Autres industries extractives;Industries extractives
Hébergement social pour adultes et familles en difficultés et autre hébergement social;Autres activités d'hébergement social;Autres activités d'hébergement social;Hébergement médico-social et social;Santé humaine et action sociale
Culture d'autres fruits d'arbres ou d'arbustes et de fruits à coque;Culture d'autres fruits d'arbres ou d'arbustes et de fruits à coque;Cultures permanentes;Culture et production animale, chasse et services annexes;Agriculture, sylviculture et pêche
Fabrication de matelas;Fabrication de matelas;Fabrication de meubles;Fabrication de meubles;Industrie manufacturière
Fabrication d'autres produits laitiers;Exploitation de laiteries et fabrication de fromage;Fabrication de produits laitiers;Industries alimentaires;Industrie manufacturière
Culture du tabac;Culture du tabac;Cultures non permanentes;Culture et production animale, chasse et services annexes;Agriculture, sylviculture et pêche
Non renseigné;Non renseigné;Non renseigné;Non renseigné;Non renseigné
Commerce de gros (commerce interentreprises) de parfumerie et de produits de beauté;Commerce de gros de parfumerie et de produits de beauté;Commerce de gros de biens domestiques;Commerce de gros, à l'exception des automobiles et des motocycles;"Commerce; réparation d'automobiles et de motocycles"
Location-bail de propriété intellectuelle et de produits similaires, à l'exception des œuvres soumises à copyright;Location-bail de propriété intellectuelle et de produits similaires, à l'exception des œuvres soumises à copyright;Location-bail de propriété intellectuelle et de produits similaires, à l'exception des œuvres soumises à copyright;Activités de location et location-bail;Activités de services administratifs et de soutien
Commerce de gros d'équipements automobiles;Commerce de gros d'équipements automobiles;Commerce d'équipements automobiles;Commerce et réparation d'automobiles et de motocycles;"Commerce; réparation d'automobiles et de motocycles"
Fabrication de radiateurs et de chaudières pour le chauffage central;Fabrication de radiateurs et de chaudières pour le chauffage central;Fabrication de réservoirs, citernes et conteneurs métalliques;Fabrication de produits métalliques, à l'exception des machines et des équipements;Industrie manufacturière
Blanchisserie-teinturerie de gros;Blanchisserie-teinturerie;Autres services personnels;Autres services personnels;Autres activités de services
Travaux de menuiserie bois et PVC;Travaux de menuiserie;Travaux de finition;Travaux de construction spécialisés;Construction
Collecte des déchets dangereux;Collecte des déchets dangereux;Collecte des déchets;"Collecte, traitement et élimination des déchets; récupération";"Production et distribution d'eau; assainissement, gestion des déchets et dépollution"
Transports routiers réguliers de voyageurs;Autres transports terrestres de voyageurs n.c.a.;Autres transports terrestres de voyageurs;Transports terrestres et transport par conduites;Transports et entreposage
Activités des sièges sociaux;Activités des sièges sociaux;Activités des sièges sociaux;"Activités des sièges sociaux; conseil de gestion";Activités spécialisées, scientifiques et techniques
Activités comptables;Activités comptables;Activités comptables;Activités juridiques et comptables;Activités spécialisées, scientifiques et techniques
Commerce de détail de la chaussure;Commerce de détail de chaussures et d'articles en cuir en magasin spécialisé;Autres commerces de détail en magasin spécialisé;Commerce de détail, à l'exception des automobiles et des motocycles;"Commerce; réparation d'automobiles et de motocycles"
Activités des marchands de biens immobiliers;Activités des marchands de biens immobiliers;Activités des marchands de biens immobiliers;Activités immobilières;Activités immobilières
Commerce de gros (commerce interentreprises) de cuirs et peaux;Commerce de gros de cuirs et peaux;Commerce de gros de produits agricoles bruts et d'animaux vivants;Commerce de gros, à l'exception des automobiles et des motocycles;"Commerce; réparation d'automobiles et de motocycles"
Fabrication de cacao, chocolat et de produits de confiserie;Fabrication de cacao, chocolat et de produits de confiserie;Fabrication d'autres produits alimentaires;Industries alimentaires;Industrie manufacturière
Élevage de porcins;Élevage de porcins;Production animale;Culture et production animale, chasse et services annexes;Agriculture, sylviculture et pêche
Production de combustibles gazeux;Production de combustibles gazeux;Production et distribution de combustibles gazeux;Production et distribution d'électricité, de gaz, de vapeur et d'air conditionné;Production et distribution d'électricité, de gaz, de vapeur et d'air conditionné
Fabrication de motocycles;Fabrication de motocycles;Fabrication de matériels de transport n.c.a.;Fabrication d'autres matériels de transport;Industrie manufacturière
Caisses de retraite;Caisses de retraite;Caisses de retraite;Assurance;Activités financières et d'assurance
Fabrication d'articles textiles, sauf habillement;Fabrication d'articles textiles, sauf habillement;Fabrication d'autres textiles;Fabrication de textiles;Industrie manufacturière
Location et location-bail de machines de bureau et de matériel informatique;Location et location-bail de machines de bureau et de matériel informatique;Location et location-bail d'autres machines, équipements et biens;Activités de location et location-bail;Activités de services administratifs et de soutien
Fabrication de matériel de distribution et de commande électrique;Fabrication de matériel de distribution et de commande électrique;Fabrication de moteurs, génératrices et transformateurs électriques et de matériel de distribution et de commande électrique;Fabrication d'équipements électriques;Industrie manufacturière
Activités des centres de culture physique;Activités des centres de culture physique;Activités liées au sport;Activités sportives, récréatives et de loisirs;Arts, spectacles et activités récréatives
Édition et diffusion de programmes radio;Édition et diffusion de programmes radio;Édition et diffusion de programmes radio;Programmation et diffusion;Information et communication
Accueil ou accompagnement sans hébergement d'enfants handicapés;Action sociale sans hébergement pour jeunes enfants;Autre action sociale sans hébergement;Action sociale sans hébergement;Santé humaine et action sociale
Location et location-bail de matériels de transport par eau;Location et location-bail de matériels de transport par eau;Location et location-bail d'autres machines, équipements et biens;Activités de location et location-bail;Activités de services administratifs et de soutien
Construction d'autres ouvrages de génie civil n.c.a.;Construction d'autres ouvrages de génie civil n.c.a.;Construction d'autres ouvrages de génie civil;Génie civil;Construction
Autre imprimerie (labeur);Autre imprimerie (labeur);Imprimerie et services annexes;Imprimerie et reproduction d'enregistrements;Industrie manufacturière
Fabrication de fibres de verre;Fabrication de fibres de verre;Fabrication de verre et d'articles en verre;Fabrication d'autres produits minéraux non métalliques;Industrie manufacturière
Imprimerie de journaux;Imprimerie de journaux;Imprimerie et services annexes;Imprimerie et reproduction d'enregistrements;Industrie manufacturière
Exploitation de gravières et sablières, extraction d'argiles et de kaolin;Exploitation de gravières et sablières, extraction d'argiles et de kaolin;Extraction de pierres, de sables et d'argiles;Autres industries extractives;Industries extractives
Affaires étrangères;Affaires étrangères;Services de prérogative publique;"Administration publique et défense; sécurité sociale obligatoire";Administration publique
Fabrication de câbles de fibres optiques;Fabrication de câbles de fibres optiques;Fabrication de fils et câbles et de matériel d'installation électrique;Fabrication d'équipements électriques;Industrie manufacturière
Construction de routes et autoroutes;Construction de routes et autoroutes;Construction de routes et de voies ferrées;Génie civil;Construction
Commerce de gros (commerce interentreprises) de mobilier de bureau;Commerce de gros de mobilier de bureau;Commerce de gros d'autres équipements industriels;Commerce de gros, à l'exception des automobiles et des motocycles;"Commerce; réparation d'automobiles et de motocycles"
Travaux d'installation d'équipements thermiques et de climatisation;Travaux de plomberie et installation de chauffage et de conditionnement d'air;Travaux d'installation électrique, plomberie et autres travaux d'installation;Travaux de construction spécialisés;Construction
Supports juridiques de gestion de patrimoine mobilier;Autres activités auxiliaires de services financiers, hors assurance et caisses de retraite;Activités auxiliaires de services financiers, hors assurance et caisses de retraite;Activités auxiliaires de services financiers et d'assurance;Activités financières et d'assurance
Construction de véhicules automobiles;Construction de véhicules automobiles;Construction de véhicules automobiles;Industrie automobile;Industrie manufacturière
Fabrication d'autres produits alimentaires n.c.a.;Fabrication d'autres produits alimentaires n.c.a.;Fabrication d'autres produits alimentaires;Industries alimentaires;Industrie manufacturière
Contrôle technique automobile;Activités de contrôle et analyses techniques;Activités de contrôle et analyses techniques;"Activités d'architecture et d'ingénierie; activités de contrôle et analyses techniques";Activités spécialisées, scientifiques et techniques
Activités de conditionnement;Activités de conditionnement;Activités de soutien aux entreprises n.c.a.;Activités administratives et autres activités de soutien aux entreprises;Activités de services administratifs et de soutien
Fabrication d'autres meubles et industries connexes de l'ameublement;Fabrication d'autres meubles;Fabrication de meubles;Fabrication de meubles;Industrie manufacturière
Fabrication d'articles en fourrure;Fabrication d'articles en fourrure;Fabrication d'articles en fourrure;Industrie de l'habillement;Industrie manufacturière
Commerce de détail d'ordinateurs, d'unités périphériques et de logiciels en magasin spécialisé;Commerce de détail d'ordinateurs, d'unités périphériques et de logiciels en magasin spécialisé;Commerce de détail d'équipements de l'information et de la communication en magasin spécialisé;Commerce de détail, à l'exception des automobiles et des motocycles;"Commerce; réparation d'automobiles et de motocycles"
Blanchisserie-teinturerie de détail;Blanchisserie-teinturerie;Autres services personnels;Autres services personnels;Autres activités de services
Enseignement de disciplines sportives et d'activités de loisirs;Enseignement de disciplines sportives et d'activités de loisirs;Autres activités d'enseignement;Enseignement;Enseignement
Fabrication d'autres produits céramiques à usage technique;Fabrication d'autres produits céramiques à usage technique;Fabrication d'autres produits en céramique et en porcelaine;Fabrication d'autres produits minéraux non métalliques;Industrie manufacturière
Culture et élevage associés;Culture et élevage associés;Culture et élevage associés;Culture et production animale, chasse et services annexes;Agriculture, sylviculture et pêche
Commerce de détail de parfumerie et de produits de beauté en magasin spécialisé;Commerce de détail de parfumerie et de produits de beauté en magasin spécialisé;Autres commerces de détail en magasin spécialisé;Commerce de détail, à l'exception des automobiles et des motocycles;"Commerce; réparation d'automobiles et de motocycles"
Fabrication d'autres produits céramiques;Fabrication d'autres produits céramiques;Fabrication d'autres produits en céramique et en porcelaine;Fabrication d'autres produits minéraux non métalliques;Industrie manufacturière
Activités liées aux systèmes de sécurité;Activités liées aux systèmes de sécurité;Activités liées aux systèmes de sécurité;Enquêtes et sécurité;Activités de services administratifs et de soutien
Fabrication de chaux et plâtre;Fabrication de chaux et plâtre;Fabrication de ciment, chaux et plâtre;Fabrication d'autres produits minéraux non métalliques;Industrie manufacturière
Reliure et activités connexes;Reliure et activités connexes;Imprimerie et services annexes;Imprimerie et reproduction d'enregistrements;Industrie manufacturière
Cafétérias et autres libres-services;Restaurants et services de restauration mobile;Restaurants et services de restauration mobile;Restauration;Hébergement et restauration
Hébergement social pour personnes âgées;Hébergement social pour personnes âgées ou handicapées physiques;Hébergement social pour personnes âgées ou handicapées physiques;Hébergement médico-social et social;Santé humaine et action sociale
Organisation de foires, salons professionnels et congrès;Organisation de salons professionnels et congrès;Organisation de salons professionnels et congrès;Activités administratives et autres activités de soutien aux entreprises;Activités de services administratifs et de soutien
Autres services de restauration n.c.a.;Autres services de restauration;Traiteurs et autres services de restauration;Restauration;Hébergement et restauration
Élevage de volailles;Élevage de volailles;Production animale;Culture et production animale, chasse et services annexes;Agriculture, sylviculture et pêche
Transports maritimes et côtiers de passagers;Transports maritimes et côtiers de passagers;Transports maritimes et côtiers de passagers;Transports par eau;Transports et entreposage
Distribution sociale de revenus;Sécurité sociale obligatoire;Sécurité sociale obligatoire;"Administration publique et défense; sécurité sociale obligatoire";Administration publique
Fabrication d'engrenages et d'organes mécaniques de transmission;Fabrication d'engrenages et d'organes mécaniques de transmission;Fabrication de machines d'usage général;Fabrication de machines et équipements n.c.a.;Industrie manufacturière
Location et location-bail de camions;Location et location-bail de camions;Location et location-bail de véhicules automobiles;Activités de location et location-bail;Activités de services administratifs et de soutien
Réparation d'autres équipements;Réparation d'autres équipements;Réparation d'ouvrages en métaux, de machines et d'équipements;Réparation et installation de machines et d'équipements;Industrie manufacturière
Reproduction d'enregistrements;Reproduction d'enregistrements;Reproduction d'enregistrements;Imprimerie et reproduction d'enregistrements;Industrie manufacturière
Fabrication d'appareils ménagers non électriques;Fabrication d'appareils ménagers non électriques;Fabrication d'appareils ménagers;Fabrication d'équipements électriques;Industrie manufacturière
Commerce de gros (commerce interentreprises) de boissons;Commerce de gros de boissons;Commerce de gros de produits alimentaires, de boissons et de tabac;Commerce de gros, à l'exception des automobiles et des motocycles;"Commerce; réparation d'automobiles et de motocycles"
Activités des parcs d'attractions et parcs à thèmes;Activités des parcs d'attractions et parcs à thèmes;Activités récréatives et de loisirs;Activités sportives, récréatives et de loisirs;Arts, spectacles et activités récréatives
Extraction de gaz naturel;Extraction de gaz naturel;Extraction de gaz naturel;Extraction d'hydrocarbures;Industries extractives
Commerce de gros (commerce interentreprises) de poissons, crustacés et mollusques;Commerce de gros d'autres produits alimentaires, y compris poissons, crustacés et mollusques;Commerce de gros de produits alimentaires, de boissons et de tabac;Commerce de gros, à l'exception des automobiles et des motocycles;"Commerce; réparation d'automobiles et de motocycles"
Services funéraires;Services funéraires;Autres services personnels;Autres services personnels;Autres activités de services
Affrètement et organisation des transports;Autres services auxiliaires des transports;Services auxiliaires des transports;Entreposage et services auxiliaires des transports;Transports et entreposage
Travaux de terrassement courants et travaux préparatoires;Travaux de préparation des sites;Démolition et préparation des sites;Travaux de construction spécialisés;Construction
Culture de plantes à boissons;Culture de plantes à boissons;Cultures permanentes;Culture et production animale, chasse et services annexes;Agriculture, sylviculture et pêche
Élevage de chameaux et d'autres camélidés;Élevage de chameaux et d'autres camélidés;Production animale;Culture et production animale, chasse et services annexes;Agriculture, sylviculture et pêche
Autres assurances;Autres assurances;Assurance;Assurance;Activités financières et d'assurance
Travaux d'installation électrique sur la voie publique;Installation électrique;Travaux d'installation électrique, plomberie et autres travaux d'installation;Travaux de construction spécialisés;Construction
Réparation de matériels électroniques et optiques;Réparation de matériels électroniques et optiques;Réparation d'ouvrages en métaux, de machines et d'équipements;Réparation et installation de machines et d'équipements;Industrie manufacturière
Autre accueil ou accompagnement sans hébergement d'enfants et d'adolescents;Autre action sociale sans hébergement n.c.a.;Autre action sociale sans hébergement;Action sociale sans hébergement;Santé humaine et action sociale
Justice;Justice;Services de prérogative publique;"Administration publique et défense; sécurité sociale obligatoire";Administration publique
Activités des agences de publicité;Activités des agences de publicité;Publicité;Publicité et études de marché;Activités spécialisées, scientifiques et techniques
Gestion d'installations sportives;Gestion d'installations sportives;Activités liées au sport;Activités sportives, récréatives et de loisirs;Arts, spectacles et activités récréatives
Autres hébergements;Autres hébergements;Autres hébergements;Hébergement;Hébergement et restauration
Préparation de fibres textiles et filature;Préparation de fibres textiles et filature;Préparation de fibres textiles et filature;Fabrication de textiles;Industrie manufacturière
Hôtels et hébergement similaire;Hôtels et hébergement similaire;Hôtels et hébergement similaire;Hébergement;Hébergement et restauration
Activités de pré-presse;Activités de pré-presse;Imprimerie et services annexes;Imprimerie et reproduction d'enregistrements;Industrie manufacturière
Commerce de gros (commerce interentreprises) de produits laitiers, œufs, huiles et matières grasses comestibles;Commerce de gros de produits laitiers, œufs, huiles et matières grasses comestibles;Commerce de gros de produits alimentaires, de boissons et de tabac;Commerce de gros, à l'exception des automobiles et des motocycles;"Commerce; réparation d'automobiles et de motocycles"
Fabrication d'aliments pour animaux de ferme;Fabrication d'aliments pour animaux de ferme;Fabrication d'aliments pour animaux;Industries alimentaires;Industrie manufacturière
Construction de véhicules militaires de combat;Construction de véhicules militaires de combat;Construction de véhicules militaires de combat;Fabrication d'autres matériels de transport;Industrie manufacturière
Études de marché et sondages;Études de marché et sondages;Études de marché et sondages;Publicité et études de marché;Activités spécialisées, scientifiques et techniques
Reproduction de plantes;Reproduction de plantes;Reproduction de plantes;Culture et production animale, chasse et services annexes;Agriculture, sylviculture et pêche
Activités de soutien à l'extraction d'hydrocarbures;Activités de soutien à l'extraction d'hydrocarbures;Activités de soutien à l'extraction d'hydrocarbures;Services de soutien aux industries extractives;Industries extractives
Activités générales de sécurité sociale;Sécurité sociale obligatoire;Sécurité sociale obligatoire;"Administration publique et défense; sécurité sociale obligatoire";Administration publique
Recherche-développement en autres sciences physiques et naturelles;Recherche-développement en autres sciences physiques et naturelles;Recherche-développement en sciences physiques et naturelles;Recherche-développement scientifique;Activités spécialisées, scientifiques et techniques
Administration d'immeubles et autres biens immobiliers;Administration de biens immobiliers;Activités immobilières pour compte de tiers;Activités immobilières;Activités immobilières
Extraction de pétrole brut;Extraction de pétrole brut;Extraction de pétrole brut;Extraction d'hydrocarbures;Industries extractives
